distance_m,received_power_w,photon_energy_j,bit_duration_s,mean_received_photons_per_bit,detector_efficiency,mean_detected_photons_per_bit
0.0,0.08000000000000002,4.775110233531078e-19,5e-08,8376769968.391069,0.8941168156240403,7489810889.352916
2.0,0.0788664909359748,4.775110233531078e-19,5e-08,8258080659.81075,0.8941168156240403,7383688782.716462
4.0,0.05399179064391574,4.775110233531078e-19,5e-08,5653460130.070141,0.8941168156240403,5054853768.755787
6.0,0.02994002685933546,4.775110233531078e-19,5e-08,3135008973.10129,0.8941168156240403,2803064239.982118
8.0,0.018890103113582062,4.775110233531078e-19,5e-08,1977975605.7708104,0.8941168156240403,1768541250.0138292
10.0,0.01293225102708341,4.775110233531078e-19,5e-08,1354131150.3420858,0.8941168156240403,1210751432.0811844
12.0,0.00936662008479291,4.775110233531078e-19,5e-08,980775272.8952731,0.8941168156240403,876927663.8439207
14.0,0.007069706966790145,4.775110233531078e-19,5e-08,740266362.5591599,0.8941168156240403,661884602.8049873
16.0,0.00550679359358539,4.775110233531078e-19,5e-08,576614289.9609303,0.8941168156240403,515560532.7831841
18.0,0.004397301741909923,4.775110233531078e-19,5e-08,460439814.66980976,0.8941168156240403,411686980.8790936
20.0,0.0035826415849746058,4.775110233531078e-19,5e-08,375137055.4565532,0.8941168156240403,335416349.4473924
22.0,0.002967759588882461,4.775110233531078e-19,5e-08,310752992.4694403,0.8941168156240403,277849476.0724173
24.0,0.0024929122336043107,4.775110233531078e-19,5e-08,261031904.1536411,0.8941168156240403,233393014.9181333
26.0,0.0021190446766620736,4.775110233531078e-19,5e-08,221884372.61427274,0.8941168156240403,198390548.67861158
28.0,0.0018197685825646715,4.775110233531078e-19,5e-08,190547285.14811653,0.8941168156240403,170371531.82243994
30.0,0.0015767441065701342,4.775110233531078e-19,5e-08,165100283.49692884,0.8941168156240403,147618939.7389003
32.0,0.0013769109167559763,4.775110233531078e-19,5e-08,144175825.20789096,0.8941168156240403,128910029.7248477
34.0,0.0012107686935097985,4.775110233531078e-19,5e-08,126779135.38076213,0.8941168156240403,113355356.81421614
36.0,0.0010712763097840852,4.775110233531078e-19,5e-08,112172940.24560165,0.8941168156240403,100295712.13158311
38.0,0.0009531279900260365,4.775110233531078e-19,5e-08,99801674.03603806,0.8941168156240403,89234354.98305081
40.0,0.000852265952418086,4.775110233531078e-19,5e-08,89240447.94122542,0.8941168156240403,79791385.13807142
42.0,0.0007655452779106744,4.775110233531078e-19,5e-08,80159958.66807164,0.8941168156240403,71672366.98485091
44.0,0.0006904990544104846,4.775110233531078e-19,5e-08,72301896.77735221,0.8941168156240403,64646341.71014422
46.0,0.0006251709575355885,4.775110233531078e-19,5e-08,65461416.277430065,0.8941168156240403,58530153.06821549
48.0,0.0005679940410584987,4.775110233531078e-19,5e-08,59474442.81704894,0.8941168156240403,53177099.42259388
50.0,0.0005177017351865045,4.775110233531078e-19,5e-08,54208354.34867821,0.8941168156240403,48468601.17045976
52.0,0.00047326164485109336,4.775110233531078e-19,5e-08,49555049.17224998,0.8941168156240403,44308002.76398489
54.0,0.0004338257195221957,4.775110233531078e-19,5e-08,45425728.23511469,0.8941168156240403,40615907.47698381
56.0,0.00039869233346896454,4.775110233531078e-19,5e-08,41746924.57038224,0.8941168156240403,37326627.258967176
58.0,0.00036727713630392653,4.775110233531078e-19,5e-08,38457451.06834256,0.8941168156240403,34385453.686243795
60.0,0.00033909043418290573,4.775110233531078e-19,5e-08,35506032.07040066,0.8941168156240403,31746540.330231693
62.0,0.0003137194847249826,4.775110233531078e-19,5e-08,32849449.476791937,0.8941168156240403,29371245.161192004
64.0,0.00029081452497927926,4.775110233531078e-19,5e-08,30451079.74022926,0.8941168156240403,27226822.449647516
66.0,0.0002700776611706623,4.775110233531078e-19,5e-08,28279730.51534628,0.8941168156240403,25285382.595087416
68.0,0.00025125397090689183,4.775110233531078e-19,5e-08,26308708.974148184,0.8941168156240403,23523059.091144986
70.0,0.00023412432945004594,4.775110233531078e-19,5e-08,24515070.647585515,0.8941168156240403,21919336.90221754
72.0,0.0002184995894973557,4.775110233531078e-19,5e-08,22879009.99259032,0.8941168156240403,20456507.559205454
74.0,0.00020421583102553769,4.775110233531078e-19,5e-08,21383363.00505936,0.8941168156240403,19119224.437416587
76.0,0.0001911304627140244,4.775110233531078e-19,5e-08,20013199.001344107,0.8941168156240403,17894137.761532016
78.0,0.00017911900531169208,4.775110233531078e-19,5e-08,18755483.805788282,0.8941168156240403,16769593.455919676
80.0,0.00016807242433448244,4.775110233531078e-19,5e-08,17598800.45849716,0.8941168156240403,15735383.424754381
82.0,0.0001578949077499863,4.775110233531078e-19,5e-08,16533116.517524542,0.8941168156240403,14782537.492990267
84.0,0.00014850200604185862,4.775110233531078e-19,5e-08,15549589.30571588,0.8941168156240403,13903149.274288313
86.0,0.00013981906887301622,4.775110233531078e-19,5e-08,14640402.21429856,0.8941168156240403,13090229.807303777
88.0,0.00013177992567414378,4.775110233531078e-19,5e-08,13798626.547799684,0.8941168156240403,12337584.028903998
90.0,0.00012432576775660403,4.775110233531078e-19,5e-08,13018104.470508542,0.8941168156240403,11639706.114632182
92.0,0.00011740419764593124,4.775110233531078e-19,5e-08,12293349.462543577,0.8941168156240403,10991690.47480297
94.0,0.000110968417749421,4.775110233531078e-19,5e-08,11619461.365540303,0.8941168156240403,10389155.79542346
96.0,0.00010497653558401741,4.775110233531078e-19,5e-08,10992053.633324167,0.8941168156240403,9828179.991796467
98.0,9.939096688435372e-05,4.775110233531078e-19,5e-08,10407190.831577567,0.8941168156240403,9305244.325921843
100.0,9.417792120422152e-05,4.775110233531078e-19,5e-08,9861334.775362791,0.8941168156240403,8817185.24714999
102.0,8.930695728649415e-05,4.775110233531078e-19,5e-08,9351297.972073602,0.8941168156240403,8361152.764741994
104.0,8.475059763720727e-05,4.775110233531078e-19,5e-08,8874203.263631912,0.8941168156240403,7934574.363279032
106.0,8.0483993500821e-05,4.775110233531078e-19,5e-08,8427448.74617324,0.8941168156240403,7535123.636763229
108.0,7.648463287525978e-05,4.775110233531078e-19,5e-08,8008677.196411153,0.8941168156240403,7160692.952216008
110.0,7.273208538978616e-05,4.775110233531078e-19,5e-08,7615749.357895194,0.8941168156240403,6809369.56447208
112.0,6.92077788455966e-05,4.775110233531078e-19,5e-08,7246720.542660553,0.8941168156240403,6479414.695320971
114.0,6.589480302752508e-05,4.775110233531078e-19,5e-08,6899820.088425212,0.8941168156240403,6169245.165841535
116.0,6.27777370667251e-05,4.775110233531078e-19,5e-08,6573433.281801171,0.8941168156240403,5877417.233641148
118.0,5.984249719375122e-05,4.775110233531078e-19,5e-08,6266085.416576775,0.8941168156240403,5602612.339097864
120.0,5.707620218923467e-05,4.775110233531078e-19,5e-08,5976427.705107469,0.8941168156240403,5343624.508497981
122.0,5.446705423161086e-05,4.775110233531078e-19,5e-08,5703224.801926069,0.8941168156240403,5099349.198686185
124.0,5.200423317128266e-05,4.775110233531078e-19,5e-08,5445343.73323009,0.8941168156240403,4868773.398734012
126.0,4.967780253890217e-05,4.775110233531078e-19,5e-08,5201744.055044215,0.8941168156240403,4650966.830187417
128.0,4.747862583085956e-05,4.775110233531078e-19,5e-08,4971469.0875052605,0.8941168156240403,4445074.109493557
130.0,4.539829181473152e-05,4.775110233531078e-19,5e-08,4753638.093623713,0.8941168156240403,4250307.754899967
132.0,4.342904776723106e-05,4.775110233531078e-19,5e-08,4547439.288654529,0.8941168156240403,4065941.9360154383
134.0,4.15637397019544e-05,4.775110233531078e-19,5e-08,4352123.5813669395,0.8941168156240403,3891306.8777741017
136.0,3.979575876792978e-05,4.775110233531078e-19,5e-08,4166998.961456622,0.8941168156240403,3725783.842126278
138.0,3.811899310595238e-05,4.775110233531078e-19,5e-08,3991425.4584406014,0.8941168156240403,3568800.6207016357
140.0,3.6527784540686164e-05,4.775110233531078e-19,5e-08,3824810.606903492,0.8941168156240403,3419827.4802096034
142.0,3.501688956482306e-05,4.775110233531078e-19,5e-08,3666605.361163455,0.8941168156240403,3278373.5096735028
144.0,3.35814441391256e-05,4.775110233531078e-19,5e-08,3516300.4094978697,0.8941168156240403,3143983.3249177444
146.0,3.2216931890548e-05,4.775110233531078e-19,5e-08,3373422.8441805374,0.8941168156240403,3016234.091192095
148.0,3.091915534117878e-05,4.775110233531078e-19,5e-08,3237533.148875059,0.8941168156240403,2894732.8295494397
150.0,2.968420984461143e-05,4.775110233531078e-19,5e-08,3108222.4695219942,0.8941168156240403,2779113.9767000964
152.0,2.8508459944485295e-05,4.775110233531078e-19,5e-08,2985110.1388505516,0.8941168156240403,2669037.171636092
154.0,2.738851790315831e-05,4.775110233531078e-19,5e-08,2867841.4281239705,0.8941168156240403,2564185.2454289044
156.0,2.6321224177461382e-05,4.775110233531078e-19,5e-08,2756085.502763093,0.8941168156240403,2464262.393318119
158.0,2.530362964382724e-05,4.775110233531078e-19,5e-08,2649533.561146275,0.8941168156240403,2368992.510581131
160.0,2.433297939727989e-05,4.775110233531078e-19,5e-08,2547897.13820766,0.8941168156240403,2278117.6757518384
162.0,2.340669796823891e-05,4.775110233531078e-19,5e-08,2450906.557494299,0.8941168156240403,2191396.7665788815
164.0,2.252237581819949e-05,4.775110233531078e-19,5e-08,2358309.5171338837,0.8941168156240403,2108604.1957156165
166.0,2.1677756990403117e-05,4.775110233531078e-19,5e-08,2269869.7967411047,0.8941168156240403,2029528.7545433443
168.0,2.08707278048845e-05,4.775110233531078e-19,5e-08,2185366.0736802616,0.8941168156240403,1953972.5547718075
170.0,2.0099306498994277e-05,4.775110233531078e-19,5e-08,2104590.8383282837,0.8941168156240403,1881750.0585576145
172.0,1.93616337248548e-05,4.775110233531078e-19,5e-08,2027349.399066892,0.8941168156240403,1812687.1888510012
174.0,1.865596382437593e-05,4.775110233531078e-19,5e-08,1953458.9686927812,0.8941168156240403,1746620.5125398114
176.0,1.7980656810589028e-05,4.775110233531078e-19,5e-08,1882747.8247861061,0.8941168156240403,1683396.4897208419
178.0,1.733417099127615e-05,4.775110233531078e-19,5e-08,1815054.5373334712,0.8941168156240403,1622870.7831045692
180.0,1.671505617729009e-05,4.775110233531078e-19,5e-08,1750227.2575736654,0.8941168156240403,1564907.6221601628
182.0,1.6121947423675175e-05,4.775110233531078e-19,5e-08,1688123.0626327745,0.8941168156240403,1509379.2171427186
184.0,1.5553559256792137e-05,4.775110233531078e-19,5e-08,1628607.351048591,0.8941168156240403,1456165.2186214698
186.0,1.500868034519689e-05,4.775110233531078e-19,5e-08,1571553.2847603327,0.8941168156240403,1405152.2185534092
188.0,1.4486168576085635e-05,4.775110233531078e-19,5e-08,1516841.2735650567,0.8941168156240403,1356233.2893271022
190.0,1.3984946502753915e-05,4.775110233531078e-19,5e-08,1464358.4984228087,0.8941168156240403,1309307.557541803
192.0,1.3503997131773281e-05,4.775110233531078e-19,5e-08,1413998.4703334693,0.8941168156240403,1264279.8095918256
194.0,1.3042360021509561e-05,4.775110233531078e-19,5e-08,1365660.6218140696,0.8941168156240403,1221060.1263995427
196.0,1.2599127666228437e-05,4.775110233531078e-19,5e-08,1319249.9282798427,0.8941168156240403,1179563.5448858165
198.0,1.2173442142390795e-05,4.775110233531078e-19,5e-08,1274676.5568790678,0.8941168156240403,1139709.743987328
200.0,1.1764491995860566e-05,4.775110233531078e-19,5e-08,1231855.5405537735,0.8941168156240403,1101422.7532287708
202.0,1.1371509350657955e-05,4.775110233531078e-19,5e-08,1190706.4752983723,0.8941168156240403,1064630.6820367058
204.0,1.0993767221613046e-05,4.775110233531078e-19,5e-08,1151153.2387686286,0.8941168156240403,1029265.4681431068
206.0,1.0630577014829458e-05,4.775110233531078e-19,5e-08,1113123.7285561473,0.8941168156240403,995262.6435721811
208.0,1.0281286201272117e-05,4.775110233531078e-19,5e-08,1076549.618590622,0.8941168156240403,962561.1168355221
210.0,9.945276150063497e-06,4.775110233531078e-19,5e-08,1041366.132265098,0.8941168156240403,931102.9700795927
212.0,9.62196010922271e-06,4.775110233531078e-19,5e-08,1007511.8309999207,0.8941168156240403,900833.2700371954
214.0,9.310781322623618e-06,4.775110233531078e-19,5e-08,974928.4170701251,0.8941168156240403,871699.8917321266
216.0,9.01121127289331e-06,4.775110233531078e-19,5e-08,943560.5496199966,0.8941168156240403,843653.3539747007
218.0,8.722748040830119e-06,4.775110233531078e-19,5e-08,913355.6728783471,0.8941168156240403,816646.6657661403
220.0,8.444914772699725e-06,4.775110233531078e-19,5e-08,884263.8556696643,0.8941168156240403,790635.1828027962
222.0,8.177258247476815e-06,4.775110233531078e-19,5e-08,856237.6413905246,0.8941168156240403,765576.4733375348
224.0,7.919347536744818e-06,4.775110233531078e-19,5e-08,829231.9076881972,0.8941168156240403,741430.1927160191
226.0,7.670772750553953e-06,4.775110233531078e-19,5e-08,803203.7351399113,0.8941168156240403,718157.9659606325
228.0,7.43114386307351e-06,4.775110233531078e-19,5e-08,778112.2842873471,0.8941168156240403,695723.2778249508
230.0,7.200089612363224e-06,4.775110233531078e-19,5e-08,753918.6804321093,0.8941168156240403,674091.369787436
232.0,6.977256469034793e-06,4.775110233531078e-19,5e-08,730585.905644662,0.8941168156240403,653229.1434948108
234.0,6.762307668982719e-06,4.775110233531078e-19,5e-08,708078.6974819382,0.8941168156240403,633105.0702037688
236.0,6.554922305736493e-06,4.775110233531078e-19,5e-08,686363.4539478774,0.8941168156240403,613689.1058045938
238.0,6.354794478327746e-06,4.775110233531078e-19,5e-08,665408.1442669156,0.8941168156240403,594952.6110422367
240.0,6.1616324908785836e-06,4.775110233531078e-19,5e-08,645182.2250731797,0.8941168156240403,576868.2765796643
242.0,5.97515810040408e-06,4.775110233531078e-19,5e-08,625656.561648169,0.8941168156240403,559410.0525751469
244.0,5.7951058095846925e-06,4.775110233531078e-19,5e-08,606803.3538672207,0.8941168156240403,542553.082469747
246.0,5.621222201505816e-06,4.775110233531078e-19,5e-08,588596.0665403381,0.8941168156240403,526273.6407038829
248.0,5.453265313583258e-06,4.775110233531078e-19,5e-08,571009.3638561617,0.8941168156240403,510549.0741025803
250.0,5.291004048097214e-06,4.775110233531078e-19,5e-08,554019.047659204,0.8941168156240403,495357.7466881109
252.0,5.134217616944702e-06,4.775110233531078e-19,5e-08,537601.9993100843,0.8941168156240403,480678.9876962501
254.0,4.982695018392874e-06,4.775110233531078e-19,5e-08,521736.1248965652,0.8941168156240403,466493.0425885435
256.0,4.836234543774471e-06,4.775110233531078e-19,5e-08,506400.30357981834,0.8941168156240403,452781.0268678345
258.0,4.694643312213082e-06,4.775110233531078e-19,5e-08,491574.33887568145,0.8941168156240403,439524.8825180172
260.0,4.5577368316008105e-06,4.775110233531078e-19,5e-08,477238.9126847941,0.8941168156240403,426707.3369016075
262.0,4.425338584175534e-06,4.775110233531078e-19,5e-08,463375.5418985483,0.8941168156240403,414311.8639603941
264.0,4.297279635159888e-06,4.775110233531078e-19,5e-08,449966.53741982346,0.8941168156240403,402322.64757518814
266.0,4.173398263030404e-06,4.775110233531078e-19,5e-08,436994.96544860676,0.8941168156240403,390724.5469506458
268.0,4.053539610083312e-06,4.775110233531078e-19,5e-08,424444.6108928691,0.8941168156240403,379503.063900317
270.0,3.93755535205444e-06,4.775110233531078e-19,5e-08,412299.9427745894,0.8941168156240403,368644.31191558996
272.0,3.8253033856346305e-06,4.775110233531078e-19,5e-08,400546.08150961064,0.8941168156240403,358134.98691006034
274.0,3.71664753279991e-06,4.775110233531078e-19,5e-08,389168.7679481631,0.8941168156240403,347962.33953814267
276.0,3.611457260947758e-06,4.775110233531078e-19,5e-08,378154.33407043805,0.8941168156240403,338114.1489934896
278.0,3.5096074178976435e-06,4.775110233531078e-19,5e-08,367489.6752385938,0.8941168156240403,328578.6981990442
280.0,3.410977980875988e-06,4.775110233531078e-19,5e-08,357162.22391306475,0.8941168156240403,319344.75030634995
282.0,3.3154538186631944e-06,4.775110233531078e-19,5e-08,347159.9247470667,0.8941168156240403,310401.52642712876
284.0,3.2229244661338233e-06,4.775110233531078e-19,5e-08,337471.21097878285,0.8941168156240403,301738.684525138
286.0,3.1332839104705687e-06,4.775110233531078e-19,5e-08,328084.98204590986,0.8941168156240403,293346.29940095934
288.0,3.046430388378776e-06,4.775110233531078e-19,5e-08,318990.5823520659,0.8941168156240403,285214.84370668733
290.0,2.9622661936711737e-06,4.775110233531078e-19,5e-08,310177.78111906006,0.8941168156240403,277335.1699315046
292.0,2.8806974946322455e-06,4.775110233531078e-19,5e-08,301636.7532631848,0.8941168156240403,269698.49330285314
294.0,2.8016341606089187e-06,4.775110233531078e-19,5e-08,293358.0612375914,0.8941168156240403,262296.37555139745
296.0,2.7249895973087207e-06,4.775110233531078e-19,5e-08,285332.63778642204,0.8941168156240403,255120.7094912034
298.0,2.6506805903187715e-06,4.775110233531078e-19,5e-08,277551.7695597424,0.8941168156240403,248163.70436957435
300.0,2.578627156388999e-06,4.775110233531078e-19,5e-08,270007.0815414628,0.8941168156240403,241417.87194379332
302.0,2.508752402050963e-06,4.775110233531078e-19,5e-08,262690.5222453683,0.8941168156240403,234876.01324464483
304.0,2.4409823891697416e-06,4.775110233531078e-19,5e-08,255594.34963710714,0.8941168156240403,228531.20598902783
306.0,2.3752460070507473e-06,4.775110233531078e-19,5e-08,248711.11774254372,0.8941168156240403,222376.79260625894
308.0,2.3114748507460605e-06,4.775110233531078e-19,5e-08,242033.6639052603,0.8941168156240403,216406.36884479056
310.0,2.24960310522613e-06,4.775110233531078e-19,5e-08,235555.09665821923,0.8941168156240403,210613.77292806
312.0,2.189567435102577e-06,4.775110233531078e-19,5e-08,229268.78417667907,0.8941168156240403,204993.07523004766
314.0,2.131306879606369e-06,4.775110233531078e-19,5e-08,223168.34328139888,0.8941168156240403,199538.56844285707
316.0,2.0747627525430485e-06,4.775110233531078e-19,5e-08,217247.62896298748,0.8941168156240403,194244.7582102594
318.0,2.0198785469629056e-06,4.775110233531078e-19,5e-08,211500.72439995318,0.8941168156240403,189106.3542026639
320.0,1.9665998442992472e-06,4.775110233531078e-19,5e-08,205921.93144460607,0.8941168156240403,184118.26161040313
322.0,1.914874227742138e-06,4.775110233531078e-19,5e-08,200505.76155245476,0.8941168156240403,179275.57303355398
324.0,1.8646511996283324e-06,4.775110233531078e-19,5e-08,195246.92713213744,0.8941168156240403,174573.56074776576
326.0,1.8158821026406586e-06,4.775110233531078e-19,5e-08,190140.3332942387,0.8941168156240403,170007.6693267384
328.0,1.7685200446218047e-06,4.775110233531078e-19,5e-08,185181.06997856958,0.8941168156240403,165573.5086030912
330.0,1.7225198268185048e-06,4.775110233531078e-19,5e-08,180364.40444064295,0.8941168156240403,161266.8469503942
332.0,1.6778378753824095e-06,4.775110233531078e-19,5e-08,175685.77407915553,0.8941168156240403,157083.6048700991
334.0,1.6344321759636358e-06,4.775110233531078e-19,5e-08,171140.77958730314,0.8941168156240403,153019.84886801525
336.0,1.5922622112420763e-06,4.775110233531078e-19,5e-08,166725.17841170725,0.8941168156240403,149071.7856058257
338.0,1.551288901250123e-06,4.775110233531078e-19,5e-08,162434.8785036301,0.8941168156240403,145235.75631394362
340.0,1.5114745463484493e-06,4.775110233531078e-19,5e-08,158265.93234799005,0.8941168156240403,141508.23145275467
342.0,1.4727827727240877e-06,4.775110233531078e-19,5e-08,154214.53125648585,0.8941168156240403,137885.80561000315
344.0,1.4351784802871005e-06,4.775110233531078e-19,5e-08,150276.99991187645,0.8941168156240403,134365.19262274116
346.0,1.3986277928488482e-06,4.775110233531078e-19,5e-08,146449.79115116646,0.8941168156240403,130943.22091288671
348.0,1.363098010471137e-06,4.775110233531078e-19,5e-08,142729.48097610293,0.8941168156240403,127616.8290260252
350.0,1.3285575638814203e-06,4.775110233531078e-19,5e-08,139112.7637800085,0.8941168156240403,124383.06136364055
352.0,1.2949759708548373e-06,4.775110233531078e-19,5e-08,135596.44778056085,0.8941168156240403,121239.06409948654
354.0,1.2623237944690715e-06,4.775110233531078e-19,5e-08,132177.4506486747,0.8941168156240403,118182.08127129677
356.0,1.2305726031430054e-06,4.775110233531078e-19,5e-08,128852.79532416436,0.8941168156240403,115209.45103949806
358.0,1.1996949323747555e-06,4.775110233531078e-19,5e-08,125619.60600934755,0.8941168156240403,112318.6021050244
360.0,1.1696642480991123e-06,4.775110233531078e-19,5e-08,122475.10433221704,0.8941168156240403,109507.050278744
362.0,1.1404549115885038e-06,4.775110233531078e-19,5e-08,119416.60567123337,0.8941168156240403,106772.3951953949
364.0,1.1120421458255577e-06,4.775110233531078e-19,5e-08,116441.51563420866,0.8941168156240403,104112.31716529555
366.0,1.0844020032789888e-06,4.775110233531078e-19,5e-08,113547.32668413183,0.8941168156240403,101524.57415743858
368.0,1.0575113350180386e-06,4.775110233531078e-19,5e-08,110731.61490515315,0.8941168156240403,99006.99890790306
370.0,1.0313477611039732e-06,4.775110233531078e-19,5e-08,107992.03690228911,0.8941168156240403,96557.4961478286
372.0,1.0058896422002575e-06,4.775110233531078e-19,5e-08,105326.32682873444,0.8941168156240403,94174.03994548497
374.0,9.811160523459556e-07,4.775110233531078e-19,5e-08,102732.293534975,0.8941168156240403,91854.67115724603
376.0,9.570067528396744e-07,4.775110233531078e-19,5e-08,100207.81783418548,0.8941168156240403,89597.49498253583
378.0,9.33542167184001e-07,4.775110233531078e-19,5e-08,97750.84987867066,0.8941168156240403,87400.67861806063
380.0,9.107033570428491e-07,4.775110233531078e-19,5e-08,95359.40664236833,0.8941168156240403,85262.44900687232
382.0,8.8847199916649e-07,4.775110233531078e-19,5e-08,93031.56950467784,0.8941168156240403,83181.09067802913
384.0,8.668303632412489e-07,4.775110233531078e-19,5e-08,90765.48193111019,0.8941168156240403,81154.94367282561
386.0,8.457612906229585e-07,4.775110233531078e-19,5e-08,88559.34724647588,0.8941168156240403,79182.40155376264
388.0,8.252481739152369e-07,4.775110233531078e-19,5e-08,86411.42649653407,0.8941168156240403,77261.90949261187
390.0,8.052749373555587e-07,4.775110233531078e-19,5e-08,84320.03639422554,0.8941168156240403,75391.96243410812
392.0,7.858260179738504e-07,4.775110233531078e-19,5e-08,82283.54734679611,0.8941168156240403,73571.10333196729
394.0,7.668863474900436e-07,4.775110233531078e-19,5e-08,80300.38156029643,0.8941168156240403,71797.92145408766
396.0,7.484413349186212e-07,4.775110233531078e-19,5e-08,78369.01121811035,0.8941168156240403,70071.05075394151
398.0,7.304768498496991e-07,4.775110233531078e-19,5e-08,76487.95673032339,0.8941168156240403,68389.16830530614
400.0,7.129792063776373e-07,4.775110233531078e-19,5e-08,74655.78505089362,0.8941168156240403,66750.99279761784
402.0,6.959351476495349e-07,4.775110233531078e-19,5e-08,72871.10805973035,0.8941168156240403,65155.283089361445
404.0,6.79331831007253e-07,4.775110233531078e-19,5e-08,71132.58100692091,0.8941168156240403,63600.836817027215
406.0,6.631568136978437e-07,4.775110233531078e-19,5e-08,69438.9010164751,0.8941168156240403,62086.48905728365
408.0,6.473980391284362e-07,4.775110233531078e-19,5e-08,67788.80564707937,0.8941168156240403,60611.111040123564
410.0,6.320438236427185e-07,4.775110233531078e-19,5e-08,66181.07150746732,0.8941168156240403,59173.608910843584
412.0,6.170828437972302e-07,4.775110233531078e-19,5e-08,64614.51292412492,0.8941168156240403,57772.92253881697
414.0,6.02504124116656e-07,4.775110233531078e-19,5e-08,63087.98065915211,0.8941168156240403,56408.02437111213
416.0,5.882970253082784e-07,4.775110233531078e-19,5e-08,61600.360676202334,0.8941168156240403,55077.918329098386
418.0,5.744512329166338e-07,4.775110233531078e-19,5e-08,60150.57295251601,0.8941168156240403,53781.63874626515
420.0,5.609567464002884e-07,4.775110233531078e-19,5e-08,58737.57033515376,0.8941168156240403,52518.24934556078
422.0,5.47803868613447e-07,4.775110233531078e-19,5e-08,57360.337439619616,0.8941168156240403,51286.84225463311
424.0,5.349831956759026e-07,4.775110233531078e-19,5e-08,56017.88958914729,0.8941168156240403,50086.53705742746
426.0,5.224856072155523e-07,4.775110233531078e-19,5e-08,54709.27179299762,0.8941168156240403,48916.47988066517
428.0,5.103022569684227e-07,4.775110233531078e-19,5e-08,53433.55776219081,0.8941168156240403,47775.84251379327
430.0,4.984245637218004e-07,4.775110233531078e-19,5e-08,52189.84896116498,0.8941168156240403,46663.82156105646
432.0,4.868442025867134e-07,4.775110233531078e-19,5e-08,50977.27369392098,0.8941168156240403,45579.63762440378
434.0,4.7555309658659255e-07,4.775110233531078e-19,5e-08,49794.986223274325,0.8941168156240403,44522.534515996995
436.0,4.6454340854954595e-07,4.775110233531078e-19,5e-08,48642.165921898246,0.8941168156240403,43491.778499143875
438.0,4.538075332921976e-07,4.775110233531078e-19,5e-08,47518.01645389638,0.8941168156240403,42486.65755652858
440.0,4.433380900835869e-07,4.775110233531078e-19,5e-08,46421.76498570056,0.8941168156240403,41506.48068466216
442.0,4.331279153781073e-07,4.775110233531078e-19,5e-08,45352.661425139464,0.8941168156240403,40550.57721352095
444.0,4.231700558069466e-07,4.775110233531078e-19,5e-08,44309.97768757504,0.8941168156240403,39618.29615038687
446.0,4.1345776141793927e-07,4.775110233531078e-19,5e-08,43293.00698804991,0.8941168156240403,38709.00554694451
448.0,4.039844791541683e-07,4.775110233531078e-19,5e-08,42301.063158434314,0.8941168156240403,37822.0918887307
450.0,3.947438465620716e-07,4.775110233531078e-19,5e-08,41333.479988604166,0.8941168156240403,36956.95950607075
452.0,3.8572968572019503e-07,4.775110233531078e-19,5e-08,40389.61059072319,0.8941168156240403,36113.03000567243
454.0,3.7693599738010955e-07,4.775110233531078e-19,5e-08,39468.82678574045,0.8941168156240403,35289.741722083076
456.0,3.683569553113646e-07,4.775110233531078e-19,5e-08,38570.51851125262,0.8941168156240403,34486.54918824929
458.0,3.5998690084269377e-07,4.775110233531078e-19,5e-08,37694.093249915626,0.8941168156240403,33702.92262445019
460.0,3.5182033759200667e-07,4.775110233531078e-19,5e-08,36838.97547762411,0.8941168156240403,32938.347444905376
462.0,3.4385192637802143e-07,4.775110233531078e-19,5e-08,36004.60613071033,0.8941168156240403,32192.32378138852
464.0,3.360764803066751e-07,4.775110233531078e-19,5e-08,35190.44209144411,0.8941168156240403,31464.3660232042
466.0,3.2848896002574497e-07,4.775110233531078e-19,5e-08,34395.95569114594,0.8941168156240403,30754.002372912993
468.0,3.210844691413714e-07,4.775110233531078e-19,5e-08,33620.63423025286,0.8941168156240403,30060.774417214292
470.0,3.1385824979044255e-07,4.775110233531078e-19,5e-08,32863.979514704515,0.8941168156240403,29384.236712421294
472.0,3.06805678363037e-07,4.775110233531078e-19,5e-08,32125.507408041725,0.8941168156240403,28723.956383984783
474.0,2.9992226136936465e-07,4.775110233531078e-19,5e-08,31404.74739863538,0.8941168156240403,28079.51273954523
476.0,2.9320363144586474e-07,4.775110233531078e-19,5e-08,30701.242181486534,0.8941168156240403,27450.496895013206
478.0,2.8664554349533785e-07,4.775110233531078e-19,5e-08,30014.547254061024,0.8941168156240403,26836.51141319833
480.0,2.802438709561972e-07,4.775110233531078e-19,5e-08,29344.230525644183,0.8941168156240403,26237.169954526737
482.0,2.739946021961148e-07,4.775110233531078e-19,5e-08,28689.871939720902,0.8941168156240403,25652.09693940476
484.0,2.6789383702553306e-07,4.775110233531078e-19,5e-08,28051.063108906706,0.8941168156240403,25080.927221804657
486.0,2.619377833266859e-07,4.775110233531078e-19,5e-08,27427.406961973866,0.8941168156240403,24523.305773664706
488.0,2.5612275379395424e-07,4.775110233531078e-19,5e-08,26818.51740253519,0.8941168156240403,23978.887379712676
490.0,2.5044516278153527e-07,4.775110233531078e-19,5e-08,26224.018978964716,0.8941168156240403,23447.33634233633
492.0,2.44901523254573e-07,4.775110233531078e-19,5e-08,25643.546565151675,0.8941168156240403,22928.326196140213
494.0,2.394884438400388e-07,4.775110233531078e-19,5e-08,25076.74505169935,0.8941168156240403,22421.53943184133
496.0,2.3420262597380497e-07,4.775110233531078e-19,5e-08,24523.269047196194,0.8941168156240403,21926.667229170656
498.0,2.2904086114048557e-07,4.775110233531078e-19,5e-08,23982.782589200604,0.8941168156240403,21443.40919845972
500.0,2.2400002820275384e-07,4.775110233531078e-19,5e-08,23454.95886459476,0.8941168156240403,20971.47313060432
502.0,2.1907709081697477e-07,4.775110233531078e-19,5e-08,22939.47993897646,0.8941168156240403,20510.574755109188
504.0,2.1426909493210933e-07,4.775110233531078e-19,5e-08,22436.036494770353,0.8941168156240403,20060.437505928825
506.0,2.0957316636896627e-07,4.775110233531078e-19,5e-08,21944.32757775227,0.8941168156240403,19620.79229483067
508.0,2.0498650847698876e-07,4.775110233531078e-19,5e-08,21464.06035169226,0.8941168156240403,19191.377292017303
510.0,2.005063998658695e-07,4.775110233531078e-19,5e-08,20994.949860832832,0.8941168156240403,18771.93771375424
512.0,1.9613019220939068e-07,4.775110233531078e-19,5e-08,20536.718799929895,0.8941168156240403,18362.22561675968
514.0,1.918553081189852e-07,4.775110233531078e-19,5e-08,20089.09729159413,0.8941168156240403,17961.99969912168
516.0,1.8767923908460818e-07,4.775110233531078e-19,5e-08,19651.822670680413,0.8941168156240403,17571.025107517093
518.0,1.835995434806002e-07,4.775110233531078e-19,5e-08,19224.639275482525,0.8941168156240403,17189.073250515292
520.0,1.796138446343079e-07,4.775110233531078e-19,5e-08,18807.29824549912,0.8941168156240403,16815.921617757274
522.0,1.7571982895531465e-07,4.775110233531078e-19,5e-08,18399.557325546186,0.8941168156240403,16451.35360480934
524.0,1.7191524412321044e-07,4.775110233531078e-19,5e-08,18001.1806759991,0.8941168156240403,16095.158343497325
526.0,1.6819789733191e-07,4.775110233531078e-19,5e-08,17611.93868895585,0.8941168156240403,15747.130537535038
528.0,1.645656535885991e-07,4.775110233531078e-19,5e-08,17231.60781012031,0.8941168156240403,15407.070303267114
530.0,1.6101643406546157e-07,4.775110233531078e-19,5e-08,16859.970366212237,0.8941168156240403,15074.78301535337
532.0,1.575482145024068e-07,4.775110233531078e-19,5e-08,16496.814397717444,0.8941168156240403,14750.079157227941
534.0,1.541590236590836e-07,4.775110233531078e-19,5e-08,16141.933496798745,0.8941168156240403,14432.774176172725
536.0,1.508469418145259e-07,4.775110233531078e-19,5e-08,15795.126650194445,0.8941168156240403,14122.688342850272
538.0,1.4761009931284156e-07,4.775110233531078e-19,5e-08,15456.19808693793,0.8941168156240403,13819.646615147325
540.0,1.4444667515340575e-07,4.775110233531078e-19,5e-08,15124.957130737368,0.8941168156240403,13523.478506185018
542.0,1.4135489562408437e-07,4.775110233531078e-19,5e-08,14801.21805686105,0.8941168156240403,13234.017956357648
544.0,1.3833303297605815e-07,4.775110233531078e-19,5e-08,14484.799953378691,0.8941168156240403,12951.103209266203
546.0,1.35379404138876e-07,4.775110233531078e-19,5e-08,14175.526586615175,0.8941168156240403,12674.576691418282
548.0,1.3249236947440995e-07,4.775110233531078e-19,5e-08,13873.226270677635,0.8941168156240403,12404.284895570067
550.0,1.2967033156843693e-07,4.775110233531078e-19,5e-08,13577.731740922436,0.8941168156240403,12140.078267591025
552.0,1.2691173405861196e-07,4.775110233531078e-19,5e-08,13288.880031232682,0.8941168156240403,11881.811096735662
554.0,1.2421506049764717e-07,4.775110233531078e-19,5e-08,13006.512354982133,0.8941168156240403,11629.341409211362
556.0,1.2157883325054807e-07,4.775110233531078e-19,5e-08,12730.473989565206,0.8941168156240403,11382.530864934713
558.0,1.1900161242480238e-07,4.775110233531078e-19,5e-08,12460.614164377475,0.8941168156240403,11141.244657373001
560.0,1.1648199483245421e-07,4.775110233531078e-19,5e-08,12196.785952134827,0.8941168156240403,10905.35141637082
562.0,1.1401861298303345e-07,4.775110233531078e-19,5e-08,11938.846163423483,0.8941168156240403,10674.723113865495
564.0,1.1161013410634753e-07,4.775110233531078e-19,5e-08,11686.655244376896,0.8941168156240403,10449.23497239826
566.0,1.0925525920417632e-07,4.775110233531078e-19,5e-08,11440.077177379077,0.8941168156240403,10228.76537633144
568.0,1.069527221299445e-07,4.775110233531078e-19,5e-08,11198.979384697424,0.8941168156240403,10013.195785684935
570.0,1.047012886954777e-07,4.775110233531078e-19,5e-08,10963.232634951511,0.8941168156240403,9802.410652508403
572.0,1.0249975580398122e-07,4.775110233531078e-19,5e-08,10732.710952327601,0.8941168156240403,9596.297339708417
574.0,1.0034695060840582e-07,4.775110233531078e-19,5e-08,10507.291528451446,0.8941168156240403,9394.746042252462
576.0,9.824172969439978e-08,4.775110233531078e-19,5e-08,10286.854636835515,0.8941168156240403,9197.649710674765
578.0,9.618297828706719e-08,4.775110233531078e-19,5e-08,10071.283549818934,0.8941168156240403,9004.903976810887
580.0,9.416960948078462e-08,4.775110233531078e-19,5e-08,9860.464457921893,0.8941168156240403,8816.407081691152
582.0,9.220056349135134e-08,4.775110233531078e-19,5e-08,9654.286391538573,0.8941168156240403,8632.059805524976
584.0,9.027480692977151e-08,4.775110233531078e-19,5e-08,9452.64114489515,0.8941168156240403,8451.765399710433
586.0,8.83913320969947e-08,4.775110233531078e-19,5e-08,9255.423202202333,0.8941168156240403,8275.429520806008
588.0,8.654915629895923e-08,4.775110233531078e-19,5e-08,9062.52966593383,0.8941168156240403,8102.960166403153
590.0,8.47473211813078e-08,4.775110233531078e-19,5e-08,8873.860187164642,0.8941168156240403,7934.267612840601
592.0,8.298489208316564e-08,4.775110233531078e-19,5e-08,8689.316897905446,0.8941168156240403,7769.264354703382
594.0,8.126095740939119e-08,4.775110233531078e-19,5e-08,8508.804345371173,0.8941168156240403,7607.86504605127
596.0,7.957462802072834e-08,4.775110233531078e-19,5e-08,8332.229428124096,0.8941168156240403,7449.986443323235
598.0,7.792503664131168e-08,4.775110233531078e-19,5e-08,8159.5013340339165,0.8941168156240403,7295.547349866514
600.0,7.631133728298913e-08,4.775110233531078e-19,5e-08,7990.531479998814,0.8941168156240403,7144.46856204019
602.0,7.473270468594956e-08,4.775110233531078e-19,5e-08,7825.23345337376,0.8941168156240403,6996.672816845259
604.0,7.318833377515558e-08,4.775110233531078e-19,5e-08,7663.522955053812,0.8941168156240403,6852.08474103445
606.0,7.167743913210062e-08,4.775110233531078e-19,5e-08,7505.31774416199,0.8941168156240403,6710.6308016567245
608.0,7.01992544814251e-08,4.775110233531078e-19,5e-08,7350.537584293049,0.8941168156240403,6572.2392579929265
610.0,6.875303219194001e-08,4.775110233531078e-19,5e-08,7199.104191265843,0.8941168156240403,6436.840114840297
612.0,6.733804279162349e-08,4.775110233531078e-19,5e-08,7050.941182338804,0.8941168156240403,6304.365077105177
614.0,6.595357449616773e-08,4.775110233531078e-19,5e-08,6905.974026844262,0.8941168156240403,6174.7475056643225
616.0,6.459893275066904e-08,4.775110233531078e-19,5e-08,6764.129998198983,0.8941168156240403,6047.922374456721
618.0,6.327343978406679e-08,4.775110233531078e-19,5e-08,6625.338127249642,0.8941168156240403,5923.826228768992
620.0,6.197643417594845e-08,4.775110233531078e-19,5e-08,6489.529156913135,0.8941168156240403,5802.397144678535
622.0,6.070727043535207e-08,4.775110233531078e-19,5e-08,6356.635498073152,0.8941168156240403,5683.5746896199025
624.0,5.9465318591208674e-08,4.775110233531078e-19,5e-08,6226.5911866955485,0.8941168156240403,5567.299884040938
626.0,5.8249963794077473e-08,4.775110233531078e-19,5e-08,6099.331842126191,0.8941168156240403,5453.515164116182
628.0,5.7060605928840554e-08,4.775110233531078e-19,5e-08,5974.794626536362,0.8941168156240403,5342.164345486319
630.0,5.589665923803083e-08,4.775110233531078e-19,5e-08,5852.918205481573,0.8941168156240403,5233.192587993157
632.0,5.475755195548074e-08,4.775110233531078e-19,5e-08,5733.642709541058,0.8941168156240403,5126.546361380845
634.0,5.364272594998735e-08,4.775110233531078e-19,5e-08,5616.909697006078,0.8941168156240403,5022.1734119348675
636.0,5.255163637869878e-08,4.775110233531078e-19,5e-08,5502.662117586144,0.8941168156240403,4920.022730031162
638.0,5.1483751349938185e-08,4.775110233531078e-19,5e-08,5390.8442771034415,0.8941168156240403,4820.04451856881
640.0,5.04385515951881e-08,4.775110233531078e-19,5e-08,5281.401803146438,0.8941168156240403,4722.190162260358
642.0,4.9415530149968195e-08,4.775110233531078e-19,5e-08,5174.281611654712,0.8941168156240403,4626.412197754738
644.0,4.841419204334808e-08,4.775110233531078e-19,5e-08,5069.43187440795,0.8941168156240403,4532.6642845686465
646.0,4.743405399584304e-08,4.775110233531078e-19,5e-08,4966.801987392729,0.8941168156240403,4440.901176802741
648.0,4.6474644125451095e-08,4.775110233531078e-19,5e-08,4866.342540021764,0.8941168156240403,4351.078695620064
650.0,4.553550166159474e-08,4.775110233531078e-19,5e-08,4768.005285180855,0.8941168156240403,4263.1537024645
652.0,4.461617666674e-08,4.775110233531078e-19,5e-08,4671.743110079725,0.8941168156240403,4177.084072998034
654.0,4.3716229765471585e-08,4.775110233531078e-19,5e-08,4577.510007883576,0.8941168156240403,4092.8286717360384
656.0,4.2835231880809726e-08,4.775110233531078e-19,5e-08,4485.261050102932,0.8941168156240403,4010.3473273605728
658.0,4.197276397756119e-08,4.775110233531078e-19,5e-08,4394.952359720012,0.8941168156240403,3929.6008086922193
660.0,4.112841681250374e-08,4.775110233531078e-19,5e-08,4306.541085030645,0.8941168156240403,3850.5508013017
662.0,4.030179069120798e-08,4.775110233531078e-19,5e-08,4219.985374181171,0.8941168156240403,3773.159884742893
664.0,3.9492495231308845e-08,4.775110233531078e-19,5e-08,4135.244350380693,0.8941168156240403,3697.391510389688
666.0,3.870014913204243e-08,4.775110233531078e-19,5e-08,4052.278087769359,0.8941168156240403,3623.2099798594145
668.0,3.792437994987073e-08,4.775110233531078e-19,5e-08,3971.047587924119,0.8941168156240403,3550.5804240062394
670.0,3.716482388002274e-08,4.775110233531078e-19,5e-08,3891.5147569839714,0.8941168156240403,3479.4687824684697
672.0,3.6421125543783634e-08,4.775110233531078e-19,5e-08,3813.6423833770946,0.8941168156240403,3409.8417837540032
674.0,3.5692937781371334e-08,4.775110233531078e-19,5e-08,3737.3941161330295,0.8941168156240403,3341.666925848889
676.0,3.497992145024237e-08,4.775110233531078e-19,5e-08,3662.734443763361,0.8941168156240403,3274.912457334187
678.0,3.428174522867528e-08,4.775110233531078e-19,5e-08,3589.6286736950115,0.8941168156240403,3209.547358996931
680.0,3.3598085424483684e-08,4.775110233531078e-19,5e-08,3518.0429122406576,0.8941168156240403,3145.541325921342
682.0,3.292862578871557e-08,4.775110233531078e-19,5e-08,3447.944045091253,0.8941168156240403,3082.8647500468637
684.0,3.2273057334199816e-08,4.775110233531078e-19,5e-08,3379.2997183161015,0.8941168156240403,3021.488703180009
686.0,3.163107815880536e-08,4.775110233531078e-19,5e-08,3312.0783198563927,0.8941168156240403,2961.3849204474195
688.0,3.100239327328151e-08,4.775110233531078e-19,5e-08,3246.2489614984224,0.8941168156240403,2902.5257841778175
690.0,3.038671443355335e-08,4.775110233531078e-19,5e-08,3181.781461313314,0.8941168156240403,2844.8843082010662
692.0,2.9783759977348152e-08,4.775110233531078e-19,5e-08,3118.646326550223,0.8941168156240403,2788.4341225526964
694.0,2.9193254665033804e-08,4.775110233531078e-19,5e-08,3056.8147369705957,0.8941168156240403,2733.1494585727874
696.0,2.861492952455323e-08,4.775110233531078e-19,5e-08,2996.2585286113053,0.8941168156240403,2679.005134388313
698.0,2.8048521700341814e-08,4.775110233531078e-19,5e-08,2936.9501779648563,0.8941168156240403,2625.976540768396
700.0,2.749377430611921e-08,4.775110233531078e-19,5e-08,2878.8627865652675,0.8941168156240403,2574.0396273422884
702.0,2.6950436281448743e-08,4.775110233531078e-19,5e-08,2821.9700659684613,0.8941168156240403,2523.1708891700837
704.0,2.641826225196195e-08,4.775110233531078e-19,5e-08,2766.2463231164284,0.8941168156240403,2473.347353656571
706.0,2.5897012393148282e-08,4.775110233531078e-19,5e-08,2711.6664460746983,0.8941168156240403,2424.5465677988677
708.0,2.5386452297612608e-08,4.775110233531078e-19,5e-08,2658.205890132922,0.8941168156240403,2376.746585758716
710.0,2.488635284570673e-08,4.775110233531078e-19,5e-08,2605.840664258747,0.8941168156240403,2329.9259567506647
712.0,2.4396490079443157e-08,4.775110233531078e-19,5e-08,2554.5473178953757,0.8941168156240403,2284.0637132375464
714.0,2.3916645079602328e-08,4.775110233531078e-19,5e-08,2504.30292809351,0.8941168156240403,2239.1393594249294
716.0,2.3446603845947353e-08,4.775110233531078e-19,5e-08,2455.0850869686788,0.8941168156240403,2195.1328600465054
718.0,2.298615718046206e-08,4.775110233531078e-19,5e-08,2406.8718894751414,0.8941168156240403,2152.0246294325307
720.0,2.2535100573531288e-08,4.775110233531078e-19,5e-08,2359.641921487865,0.8941168156240403,2109.795520853722
722.0,2.2093234092984474e-08,4.775110233531078e-19,5e-08,2313.3742481843256,0.8941168156240403,2068.4268161332275
724.0,2.1660362275925495e-08,4.775110233531078e-19,5e-08,2268.0484027180437,0.8941168156240403,2027.9002155194482
726.0,2.1236294023274583e-08,4.775110233531078e-19,5e-08,2223.644375176116,0.8941168156240403,1988.1978278127774
728.0,2.0820842496949655e-08,4.775110233531078e-19,5e-08,2180.1426018131046,0.8941168156240403,1949.3021607394433
730.0,2.041382501961666e-08,4.775110233531078e-19,5e-08,2137.523954553938,0.8941168156240403,1911.196111565873
732.0,2.0015062976941038e-08,4.775110233531078e-19,5e-08,2095.7697307586955,0.8941168156240403,1873.8629579472172
734.0,1.9624381722273163e-08,4.775110233531078e-19,5e-08,2054.8616432422555,0.8941168156240403,1837.2863490037482
736.0,1.924161048370402e-08,4.775110233531078e-19,5e-08,2014.781810542132,0.8941168156240403,1801.4502966191696
738.0,1.8866582273427865e-08,4.775110233531078e-19,5e-08,1975.512747427873,0.8941168156240403,1766.3391669549087
740.0,1.8499133799351056e-08,4.775110233531078e-19,5e-08,1937.0373556456511,0.8941168156240403,1731.9376721747012
742.0,1.8139105378888152e-08,4.775110233531078e-19,5e-08,1899.3389148918895,0.8941168156240403,1698.2308623739564
744.0,1.7786340854887282e-08,4.775110233531078e-19,5e-08,1862.4010740098363,0.8941168156240403,1665.2041177084675
746.0,1.744068751362913e-08,4.775110233531078e-19,5e-08,1826.2078424032698,0.8941168156240403,1632.843140717261
748.0,1.7101996004845183e-08,4.775110233531078e-19,5e-08,1790.7435816616394,0.8941168156240403,1601.1339488344936
750.0,1.677012026370216e-08,4.775110233531078e-19,5e-08,1755.9929973910846,0.8941168156240403,1570.0628670854303
752.0,1.6444917434701596e-08,4.775110233531078e-19,5e-08,1721.941131245988,0.8941168156240403,1539.6165209617204
754.0,1.6126247797444298e-08,4.775110233531078e-19,5e-08,1688.5733531558,0.8941168156240403,1509.781829471272
756.0,1.5813974694211316e-08,4.775110233531078e-19,5e-08,1655.8753537420712,0.8941168156240403,1480.545998358192
758.0,1.5507964459314277e-08,4.775110233531078e-19,5e-08,1623.8331369207485,0.8941168156240403,1451.896513488376
760.0,1.5208086350168874e-08,4.775110233531078e-19,5e-08,1592.4330126849095,0.8941168156240403,1423.8211343964283
762.0,1.4914212480047352e-08,4.775110233531078e-19,5e-08,1561.6615900632992,0.8941168156240403,1396.3078879897726
764.0,1.4626217752466092e-08,4.775110233531078e-19,5e-08,1531.5057702500783,0.8941168156240403,1369.345062405843
766.0,1.4343979797166426e-08,4.775110233531078e-19,5e-08,1501.9527399013991,0.8941168156240403,1342.9212010184415
768.0,1.406737890764755e-08,4.775110233531078e-19,5e-08,1472.9899645944993,0.8941168156240403,1317.0250965894015
770.0,1.3796297980211552e-08,4.775110233531078e-19,5e-08,1444.605182445131,0.8941168156240403,1291.6457855618264
772.0,1.353062245448172e-08,4.775110233531078e-19,5e-08,1416.786397879254,0.8941168156240403,1266.7725424912533
774.0,1.3270240255356539e-08,4.775110233531078e-19,5e-08,1389.521875555061,0.8941168156240403,1242.394874611235
776.0,1.3015041736362355e-08,4.775110233531078e-19,5e-08,1362.8001344314564,0.8941168156240403,1218.5025165298678
778.0,1.2764919624369253e-08,4.775110233531078e-19,5e-08,1336.609941979277,0.8941168156240403,1195.0854250539444
780.0,1.2519768965635185e-08,4.775110233531078e-19,5e-08,1310.9403085315917,0.8941168156240403,1172.1337741374637
782.0,1.2279487073144513e-08,4.775110233531078e-19,5e-08,1285.7804817695412,0.8941168156240403,1149.6379499513266
784.0,1.204397347520835e-08,4.775110233531078e-19,5e-08,1261.119941340299,0.8941168156240403,1127.5885460711647
786.0,1.1813129865294186e-08,4.775110233531078e-19,5e-08,1236.9483936037495,0.8941168156240403,1105.9763587802565
788.0,1.158686005305417e-08,4.775110233531078e-19,5e-08,1213.255766504679,0.8941168156240403,1084.7923824846678
790.0,1.1365069916521302e-08,4.775110233531078e-19,5e-08,1190.0322045672553,0.8941168156240403,1064.027805237731
792.0,1.1147667355444292e-08,4.775110233531078e-19,5e-08,1167.2680640087403,0.8941168156240403,1043.6740043711334
794.0,1.0934562245732302e-08,4.775110233531078e-19,5e-08,1144.9539079694143,0.8941168156240403,1023.7225422299133
796.0,1.0725666394981564e-08,4.775110233531078e-19,5e-08,1123.0805018557858,0.8941168156240403,1004.1651620087442
798.0,1.0520893499056813e-08,4.775110233531078e-19,5e-08,1101.6388087942491,0.8941168156240403,984.9937836869751
800.0,1.0320159099700923e-08,4.775110233531078e-19,5e-08,1080.6199851924061,0.8941168156240403,966.2005000599318
