distance_m,beam_radius_m,geometric_collection_efficiency,water_transmittance,received_power_w,signal_current_a,background_current_a,shot_noise_variance_a2,thermal_noise_variance_a2,total_noise_variance_a2,noise_rms_current_a,snr_linear,snr_db
0.0,1.000000000000e-02,1.000000000000e+00,1.000000000000e+00,8.000000000000e-02,2.400000000000e-02,3.000000000000e-10,7.690448259766e-13,1.656778800000e-15,7.707016047766e-13,8.778961241380e-07,7.473709622896e+08,8.873536220136e+01
2.0,2.000008333417e-02,1.000000000000e+00,9.858311366997e-01,7.886649093597e-02,2.365994728079e-02,3.000000000000e-10,7.581483355557e-13,1.656778800000e-15,7.598051143557e-13,8.716680069589e-07,7.367588013731e+08,8.867325332666e+01
4.0,3.000016666833e-02,6.944367283822e-01,9.718630300866e-01,5.399179064392e-02,1.619753719317e-02,3.000000000000e-10,5.190263540416e-13,1.656778800000e-15,5.206831328416e-13,7.215837670303e-07,5.038769158748e+08,8.702324462468e+01
6.0,4.000025000250e-02,3.906201171844e-01,9.580928356667e-01,2.994002685934e-02,8.982008057801e-03,3.000000000000e-10,2.878153103888e-13,1.656778800000e-15,2.894720891888e-13,5.380261045607e-07,2.787020640798e+08,8.445140185129e+01
8.0,5.000033333667e-02,2.499966666667e-01,9.445177492491e-01,1.889010311358e-02,5.667030934075e-03,3.000000000000e-10,1.815917325912e-13,1.656778800000e-15,1.832485113912e-13,4.280753571408e-07,1.752551186580e+08,8.243670711218e+01
10.0,6.000041667083e-02,1.736086998467e-01,9.311350063753e-01,1.293225102708e-02,3.879675308125e-03,3.000000000000e-10,1.243185441803e-13,1.656778800000e-15,1.259753229803e-13,3.549300254702e-07,1.194827696439e+08,8.077305281116e+01
12.0,7.000050000500e-02,1.275491982520e-01,9.179418817558e-01,9.366620084793e-03,2.809986025438e-03,3.000000000000e-10,9.004192069305e-14,1.656778800000e-15,9.169869949305e-14,3.028179312608e-07,8.610832549216e+07,7.935045143794e+01
14.0,8.000058333917e-02,9.765482584769e-02,9.049356887156e-01,7.069706966790e-03,2.120912090037e-03,3.000000000000e-10,6.796155752510e-14,1.656778800000e-15,6.961833632510e-14,2.638528687074e-07,6.461326614671e+07,7.810321694819e+01
16.0,9.000066667333e-02,7.715935071000e-02,8.921137786466e-01,5.506793593585e-03,1.652038078076e-03,3.000000000000e-10,5.293717780001e-14,1.656778800000e-15,5.459395660001e-14,2.336534968709e-07,4.999142728210e+07,7.698895536270e+01
18.0,1.000007500075e-01,6.249906250117e-02,8.794735404686e-01,4.397301741910e-03,1.319190522573e-03,3.000000000000e-10,4.227156627781e-14,1.656778800000e-15,4.392834507781e-14,2.095908993201e-07,3.961596167040e+07,7.597870202812e+01
20.0,1.100008333417e-01,5.165210994347e-02,8.670124000975e-01,3.582641584975e-03,1.074792475492e-03,3.000000000000e-10,3.444018946925e-14,1.656778800000e-15,3.609696826925e-14,1.899920215937e-07,3.200210213662e+07,7.505178506956e+01
22.0,1.200009166758e-01,4.340211468075e-02,8.547278199208e-01,2.967759588882e-03,8.903278766647e-04,3.000000000000e-10,2.852929206841e-14,1.656778800000e-15,3.018607086841e-14,1.737413907750e-07,2.625991741097e+07,7.419293355873e+01
24.0,1.300010000100e-01,3.698167956392e-02,8.426172982814e-01,2.492912233604e-03,7.478736700813e-04,3.000000000000e-10,2.396455604435e-14,1.656778800000e-15,2.562133484435e-14,1.600666575035e-07,2.183005022176e+07,7.339054734839e+01
26.0,1.400010833442e-01,3.188726160186e-02,8.306783689675e-01,2.119044676662e-03,6.357134029986e-04,3.000000000000e-10,2.037054486069e-14,1.656778800000e-15,2.202732366069e-14,1.484160492019e-07,1.834682855608e+07,7.263561002668e+01
28.0,1.500011666783e-01,2.777734567973e-02,8.189086007111e-01,1.819768582565e-03,5.459305747694e-04,3.000000000000e-10,1.749358587023e-14,1.656778800000e-15,1.915036467023e-14,1.383848426318e-07,1.556316015911e+07,7.192097786761e+01
30.0,1.600012500125e-01,2.441368103093e-02,8.073055966922e-01,1.576744106570e-03,4.730232319710e-04,3.000000000000e-10,1.515737704866e-14,1.656778800000e-15,1.681415584866e-14,1.296694098415e-07,1.330729773164e+07,7.124089873703e+01
32.0,1.700013333467e-01,2.162595834241e-02,7.958669940511e-01,1.376910916756e-03,4.130732750268e-04,3.000000000000e-10,1.323636864415e-14,1.656778800000e-15,1.489314744415e-14,1.220374837669e-07,1.145691541571e+07,7.059067706789e+01
34.0,1.800014166808e-01,1.928981981651e-02,7.845904634071e-01,1.210768693510e-03,3.632306080529e-04,3.000000000000e-10,1.163923351611e-14,1.656778800000e-15,1.329601231611e-14,1.153083358483e-07,9.923010861431e+06,6.996643466721e+01
36.0,1.900015000150e-01,1.731274602762e-02,7.734737083844e-01,1.071276309784e-03,3.213828929352e-04,3.000000000000e-10,1.029828488916e-14,1.656778800000e-15,1.195506368916e-14,1.093392138675e-07,8.639599633845e+06,6.936493617382e+01
38.0,2.000015833492e-01,1.562475260463e-02,7.625144651439e-01,9.531279900260e-04,2.859383970078e-04,3.000000000000e-10,9.162518025579e-15,1.656778800000e-15,1.081929682558e-14,1.040158489153e-07,7.556939069284e+06,6.878345920566e+01
40.0,2.100016666833e-01,1.417211064363e-02,7.517105019228e-01,8.522659524181e-04,2.556797857254e-04,3.000000000000e-10,8.192925226101e-15,1.656778800000e-15,9.849704026101e-15,9.924567510023e-08,6.636966212931e+06,6.821969606767e+01
42.0,2.200017500175e-01,1.291301770325e-02,7.410596185796e-01,7.655452779107e-04,2.296635833732e-04,3.000000000000e-10,7.359274195818e-15,1.656778800000e-15,9.016052995818e-15,9.495289882788e-08,5.850160990878e+06,6.767167817619e+01
44.0,2.300018333517e-01,1.181455645088e-02,7.305596461466e-01,6.904990544105e-04,2.071497163231e-04,3.000000000000e-10,6.637850361246e-15,1.656778800000e-15,8.294629161246e-15,9.107485471438e-08,5.173348215885e+06,6.713771711571e+01
46.0,2.400019166858e-01,1.085052113508e-02,7.202084463876e-01,6.251709575356e-04,1.875512872607e-04,3.000000000000e-10,6.009847459106e-15,1.656778800000e-15,7.666626259106e-15,8.755927283336e-08,4.588130967172e+06,6.661635806245e+01
48.0,2.500020000200e-01,9.999840000320e-03,7.100039113630e-01,5.679940410585e-04,1.703982123175e-04,3.000000000000e-10,5.460202341603e-15,1.656778800000e-15,7.116981141603e-15,8.436220209077e-08,4.079756596696e+06,6.610634253319e+01
50.0,2.600020833542e-01,9.245413964417e-03,6.999439630002e-01,5.177017351865e-04,1.553105205560e-04,3.000000000000e-10,4.976739397575e-15,1.656778800000e-15,6.633518197575e-15,8.144641304302e-08,3.636284257753e+06,6.560657825801e+01
52.0,2.700021666883e-01,8.573250605710e-03,6.900265526706e-01,4.732616448511e-04,1.419784934553e-04,3.000000000000e-10,4.549534151485e-15,1.656778800000e-15,6.206312951485e-15,7.878015582293e-08,3.247965863375e+06,6.511611456091e+01
54.0,2.800022500225e-01,7.971810655329e-03,6.802496607722e-01,4.338257195222e-04,1.301477158567e-04,3.000000000000e-10,4.170434242873e-15,1.656778800000e-15,5.827213042873e-15,7.633618436150e-08,2.906780276967e+06,6.463412204764e+01
56.0,2.900023333567e-01,7.431509423895e-03,6.706112963186e-01,3.986923334690e-04,1.196077000407e-04,3.000000000000e-10,3.832694901626e-15,1.656778800000e-15,5.489473701626e-15,7.409098259320e-08,2.606078958860e+06,6.415987569810e+01
58.0,3.000024166908e-01,6.944332561961e-03,6.611094965334e-01,3.672771363039e-04,1.101831408912e-04,3.000000000000e-10,3.530698732524e-15,1.656778800000e-15,5.187477532524e-15,7.202414548278e-08,2.340313661221e+06,6.369274067756e+01
60.0,3.100025000250e-01,6.503537142310e-03,6.517423264505e-01,3.390904341829e-04,1.017271302549e-04,3.000000000000e-10,3.259738279357e-15,1.656778800000e-15,4.916517079357e-15,7.011787988350e-08,2.104825196955e+06,6.323216034067e+01
62.0,3.200025833592e-01,6.103417078862e-03,6.425078785200e-01,3.137194847250e-04,9.411584541749e-05,3.000000000000e-10,3.015845824934e-15,1.656778800000e-15,4.672624624934e-15,6.835659898601e-08,1.895678140158e+06,6.277764602085e+01
64.0,3.300026666933e-01,5.739117529948e-03,6.334042722199e-01,2.908145249793e-04,8.724435749378e-05,3.000000000000e-10,2.795659077090e-15,1.656778800000e-15,4.452437877090e-15,6.672659048003e-08,1.709530402135e+06,6.232876828655e+01
66.0,3.400027500275e-01,5.406486935358e-03,6.244296536730e-01,2.700776611707e-04,8.102329835120e-05,3.000000000000e-10,2.596314365151e-15,1.656778800000e-15,4.253093165151e-15,6.521574323084e-08,1.543529525640e+06,6.188514941366e+01
68.0,3.500028333617e-01,5.101958212033e-03,6.155821952694e-01,2.512539709069e-04,7.537619127207e-05,3.000000000000e-10,2.415361104913e-15,1.656778800000e-15,4.072139904913e-15,6.381332074820e-08,1.395229619648e+06,6.144645687423e+01
70.0,3.600029166958e-01,4.822452721505e-03,6.068600952945e-01,2.341243294500e-04,7.023729883501e-05,3.000000000000e-10,2.250692837167e-15,1.656778800000e-15,3.907471637167e-15,6.250977233335e-08,1.262524365043e+06,6.101239768178e+01
72.0,3.700030000300e-01,4.565302154031e-03,5.982615775619e-01,2.184995894974e-04,6.554987684921e-05,3.000000000000e-10,2.100491277580e-15,1.656778800000e-15,3.757270077580e-15,6.129657476222e-08,1.143592626089e+06,6.058271346354e+01
74.0,3.800030833642e-01,4.328184608575e-03,5.897848910516e-01,2.042158310255e-04,6.126474930766e-05,3.000000000000e-10,1.963180653165e-15,1.656778800000e-15,3.619959453165e-15,6.016609886942e-08,1.036854019028e+06,6.015717615412e+01
76.0,3.900031666983e-01,4.109071995066e-03,5.814283095537e-01,1.911304627140e-04,5.733913881421e-05,3.000000000000e-10,1.837390225029e-15,1.656778800000e-15,3.494169025029e-15,5.911149655548e-08,9.409323980622e+05,5.973558422361e+01
78.0,4.000032500325e-01,3.906186523576e-03,5.731901313167e-01,1.791190053117e-04,5.373570159351e-05,3.000000000000e-10,1.721923366687e-15,1.656778800000e-15,3.378702166687e-15,5.812660463752e-08,8.546256767515e+05,5.931775936813e+01
80.0,4.100033333667e-01,3.717964529570e-03,5.650686787010e-01,1.680724243345e-04,5.042172730034e-05,3.000000000000e-10,1.615731923123e-15,1.656778800000e-15,3.272510723123e-15,5.720586266392e-08,7.768807496906e+05,5.890354360209e+01
82.0,4.200034167008e-01,3.543026254941e-03,5.570622978372e-01,1.578949077500e-04,4.736847232500e-05,3.000000000000e-10,1.517894847540e-15,1.656778800000e-15,3.174673647540e-15,5.634424236371e-08,7.067725440511e+05,5.849279670152e+01
84.0,4.300035000350e-01,3.380150490016e-03,5.491693582893e-01,1.485020060419e-04,4.455060181256e-05,3.000000000000e-10,1.427600321687e-15,1.656778800000e-15,3.084379121687e-15,5.553718683627e-08,6.434864339166e+05,5.808539395472e+01
86.0,4.400035833692e-01,3.228253202987e-03,5.413882527230e-01,1.398190688730e-04,4.194572066190e-05,3.000000000000e-10,1.344130727408e-15,1.656778800000e-15,3.000909527408e-15,5.478055793261e-08,5.863034076092e+05,5.768122418322e+01
88.0,4.500036667033e-01,3.086369455987e-03,5.337173965778e-01,1.317799256741e-04,3.953397770224e-05,3.000000000000e-10,1.266849963065e-15,1.656778800000e-15,2.923628763065e-15,5.407059055591e-08,5.345875005427e+05,5.728018800083e+01
90.0,4.600037500375e-01,2.953638042558e-03,5.261552277447e-01,1.243257677566e-04,3.729773032698e-05,3.000000000000e-10,1.195192697215e-15,1.656778800000e-15,2.851971497215e-15,5.340385283119e-08,4.877751018559e+05,5.688219628281e+01
92.0,4.700038333717e-01,2.829288388354e-03,5.187002062480e-01,1.174041976459e-04,3.522125929378e-05,3.000000000000e-10,1.128655229803e-15,1.656778800000e-15,2.785434029803e-15,5.277721127346e-08,4.453658183846e+05,5.648716882081e+01
94.0,4.800039167058e-01,2.712629341884e-03,5.113508139318e-01,1.109684177494e-04,3.329052532483e-05,3.000000000000e-10,1.066787692773e-15,1.656778800000e-15,2.723566492773e-15,5.218780022930e-08,4.069146390748e+05,5.609503314221e+01
96.0,4.900040000400e-01,2.603039549943e-03,5.041055541507e-01,1.049765355840e-04,3.149296067521e-05,3.000000000000e-10,1.009187371178e-15,1.656778800000e-15,2.665966171178e-15,5.163299498556e-08,3.720251902715e+05,5.570572347477e+01
98.0,5.000040833742e-01,2.499959166759e-03,4.969629514650e-01,9.939096688435e-05,2.981729006531e-05,3.000000000000e-10,9.554929652292e-16,1.656778800000e-15,2.612271765229e-15,5.111038803638e-08,3.403439101064e+05,5.531917984026e+01
100.0,5.100041667083e-01,2.402882689753e-03,4.899215513404e-01,9.417792120422e-05,2.825337636127e-05,3.000000000000e-10,9.053796453451e-16,1.656778800000e-15,2.562158445345e-15,5.061776807945e-08,3.115550005354e+05,5.493534726181e+01
102.0,5.200042500425e-01,2.311352750285e-03,4.829799198516e-01,8.930695728649e-05,2.679208718595e-05,3.000000000000e-10,8.585547779008e-16,1.656778800000e-15,2.515333577901e-15,5.015310137869e-08,2.853760400155e+05,5.455417507230e+01
104.0,5.300043333767e-01,2.224954716616e-03,4.761366433904e-01,8.475059763721e-05,2.542517929116e-05,3.000000000000e-10,8.147542201037e-16,1.656778800000e-15,2.471533020104e-15,4.971451518524e-08,2.615541595963e+05,5.417561631170e+01
106.0,5.400044167108e-01,2.143311989910e-03,4.693903283780e-01,8.048399350082e-05,2.414519805025e-05,3.000000000000e-10,7.737390993806e-16,1.656778800000e-15,2.430517899381e-15,4.930028295437e-08,2.398627012927e+05,5.379962720322e+01
108.0,5.500045000450e-01,2.066081893390e-03,4.627396009807e-01,7.648463287526e-05,2.294538986258e-05,3.000000000000e-10,7.352930065093e-16,1.656778800000e-15,2.392071806509e-15,4.890881113367e-08,2.200982907424e+05,5.342616669886e+01
110.0,5.600045833792e-01,1.992952070690e-03,4.561831068307e-01,7.273208538979e-05,2.181962561694e-05,3.000000000000e-10,6.992195431141e-16,1.656778800000e-15,2.355998343114e-15,4.853862733035e-08,2.020782669286e+05,5.305519608614e+01
112.0,5.700046667133e-01,1.923637322577e-03,4.497195107501e-01,6.920777884560e-05,2.076233365368e-05,3.000000000000e-10,6.653401735372e-16,1.656778800000e-15,2.322118973537e-15,4.818836969163e-08,1.856384206232e+05,5.268667864867e+01
114.0,5.800047500475e-01,1.857876822100e-03,4.433474964788e-01,6.589480302753e-05,1.976844090826e-05,3.000000000000e-10,6.334923388689e-16,1.656778800000e-15,2.290271138869e-15,4.785677735566e-08,1.706310005444e+05,5.232057937396e+01
116.0,5.900048333817e-01,1.795431657312e-03,4.370657664067e-01,6.277773706673e-05,1.883332112002e-05,3.000000000000e-10,6.035277973747e-16,1.656778800000e-15,2.260306597375e-15,4.754268184878e-08,1.569229523206e+05,5.195686470274e+01
118.0,6.000049167158e-01,1.736082658244e-03,4.308730413092e-01,5.984249719375e-05,1.795274915813e-05,3.000000000000e-10,5.753111609367e-16,1.656778800000e-15,2.232089960937e-15,4.724499932201e-08,1.443943604313e+05,5.159550231451e+01
120.0,6.100050000500e-01,1.679628471169e-03,4.247680600871e-01,5.707620218923e-05,1.712286065677e-05,3.000000000000e-10,5.487186016228e-16,1.656778800000e-15,2.205497401623e-15,4.696272353285e-08,1.329370675547e+05,5.123646094486e+01
122.0,6.200050833842e-01,1.625883848511e-03,4.187495795094e-01,5.446705423161e-05,1.634011626948e-05,3.000000000000e-10,5.236367062687e-16,1.656778800000e-15,2.180415506269e-15,4.669491949098e-08,1.224534493231e+05,5.087971023033e+01
124.0,6.300051667183e-01,1.574678127238e-03,4.128163739603e-01,5.200423317128e-05,1.560126995138e-05,3.000000000000e-10,4.999614601292e-16,1.656778800000e-15,2.156740260129e-15,4.644071769610e-08,1.128553255093e+05,5.052522057740e+01
126.0,6.400052500525e-01,1.525853872357e-03,4.069672351895e-01,4.967780253890e-05,1.490334076167e-05,3.000000000000e-10,4.775973433303e-16,1.656778800000e-15,2.134376143330e-15,4.619930890533e-08,1.040629912176e+05,5.017296305229e+01
128.0,6.500053333867e-01,1.479265665357e-03,4.012009720664e-01,4.747862583086e-05,1.424358774926e-05,3.000000000000e-10,4.564565261163e-16,1.656778800000e-15,2.113235326116e-15,4.596993937473e-08,9.600435382824e+04,4.982290928880e+01
130.0,6.600054167208e-01,1.434779020168e-03,3.955164103372e-01,4.539829181473e-05,1.361948754442e-05,3.000000000000e-10,4.364581508069e-16,1.656778800000e-15,2.093236950807e-15,4.575190652647e-08,8.861416329436e+04,4.947503141176e+01
132.0,6.700055000550e-01,1.392269411516e-03,3.899123923861e-01,4.342904776723e-05,1.302871433017e-05,3.000000000000e-10,4.175276900096e-16,1.656778800000e-15,2.074306490010e-15,4.554455499848e-08,8.183332497618e+04,4.912930197387e+01
134.0,6.800055833892e-01,1.351621402559e-03,3.843877769993e-01,4.156373970195e-05,1.246912191059e-05,3.000000000000e-10,3.995963720253e-16,1.656778800000e-15,2.056375172025e-15,4.534727303847e-08,7.560828555810e+04,4.878569390408e+01
136.0,6.900056667233e-01,1.312727860372e-03,3.789414391327e-01,3.979575876793e-05,1.193872763038e-05,3.000000000000e-10,3.826006655742e-16,1.656778800000e-15,2.039379465574e-15,4.515948920852e-08,6.989048376647e+04,4.844418046575e+01
138.0,7.000057500575e-01,1.275489249320e-03,3.735722696828e-01,3.811899310595e-05,1.143569793179e-05,3.000000000000e-10,3.664818169883e-16,1.656778800000e-15,2.023260616988e-15,4.498066937017e-08,6.463585861801e+04,4.810473522318e+01
140.0,7.100058333917e-01,1.239812993594e-03,3.682791752609e-01,3.652778454069e-05,1.095833536221e-05,3.000000000000e-10,3.511854338897e-16,1.656778800000e-15,2.007964233890e-15,4.481031392313e-08,5.980440880560e+04,4.776733201536e+01
142.0,7.200059167258e-01,1.205612901299e-03,3.630610779703e-01,3.501688956482e-05,1.050506686945e-05,3.000000000000e-10,3.366611101292e-16,1.656778800000e-15,1.993439910129e-15,4.464795527378e-08,5.535979758948e+04,4.743194493553e+01
144.0,7.300060000600e-01,1.172808643369e-03,3.579169151868e-01,3.358144413913e-05,1.007443324174e-05,3.000000000000e-10,3.228620874066e-16,1.656778800000e-15,1.979640887407e-15,4.449315551191e-08,5.126899822482e+04,4.709854831587e+01
146.0,7.400060833942e-01,1.141325281452e-03,3.528456393427e-01,3.221693189055e-05,9.665079567164e-06,3.000000000000e-10,3.097449495577e-16,1.656778800000e-15,1.966523749558e-15,4.434550427673e-08,4.750197553456e+04,4.676711671644e+01
148.0,7.500061667283e-01,1.111092839549e-03,3.478462177127e-01,3.091915534118e-05,9.275746602354e-06,3.000000000000e-10,2.972693459764e-16,1.656778800000e-15,1.954048145976e-15,4.420461679481e-08,4.403139974224e+04,4.643762491743e+01
150.0,7.600062500625e-01,1.082045914852e-03,3.429176322044e-01,2.968420984461e-05,8.905262953383e-06,3.000000000000e-10,2.853977410632e-16,1.656778800000e-15,1.942176541063e-15,4.407013207449e-08,4.083238912230e+04,4.611004791441e+01
152.0,7.700063333967e-01,1.054123323729e-03,3.380588791504e-01,2.850845994449e-05,8.552537983346e-06,3.000000000000e-10,2.740951869588e-16,1.656778800000e-15,1.930873986959e-15,4.394171124295e-08,3.788227841413e+04,4.578436091581e+01
154.0,7.800064167308e-01,1.027267779264e-03,3.332689691043e-01,2.738851790316e-05,8.216555370947e-06,3.000000000000e-10,2.633291171385e-16,1.656778800000e-15,1.920107917138e-15,4.381903601334e-08,3.516041028801e+04,4.546053934228e+01
156.0,7.900065000650e-01,1.001425597202e-03,3.285469266388e-01,2.632122417746e-05,7.896367253238e-06,3.000000000000e-10,2.530691587249e-16,1.656778800000e-15,1.909847958725e-15,4.370180727069e-08,3.264794745213e+04,4.513855882756e+01
158.0,8.000065833992e-01,9.765464274465e-04,3.238917901475e-01,2.530362964383e-05,7.591088893148e-06,3.000000000000e-10,2.432869616169e-16,1.656778800000e-15,1.900065761617e-15,4.358974376636e-08,3.032770325520e+04,4.481839522036e+01
160.0,8.100066667333e-01,9.525830086241e-04,3.193026116488e-01,2.433297939728e-05,7.299893819184e-06,3.000000000000e-10,2.339560427480e-16,1.656778800000e-15,1.890734842748e-15,4.348258091176e-08,2.818398887382e+04,4.450002458727e+01
162.0,8.200067500675e-01,9.294909434712e-04,3.147784565930e-01,2.340669796824e-05,7.022009390472e-06,3.000000000000e-10,2.250516439753e-16,1.656778800000e-15,1.881830443975e-15,4.338006966310e-08,2.620247538121e+04,4.418342321610e+01
164.0,8.300068334017e-01,9.072284930462e-04,3.103184036716e-01,2.252237581820e-05,6.756712745460e-06,3.000000000000e-10,2.165506022610e-16,1.656778800000e-15,1.873329402261e-15,4.328197548935e-08,2.437006917713e+04,4.386856761979e+01
166.0,8.400069167358e-01,8.857563879896e-04,3.059215446304e-01,2.167775699040e-05,6.503327097121e-06,3.000000000000e-10,2.084312309578e-16,1.656778800000e-15,1.865210030958e-15,4.318807741678e-08,2.267479942215e+04,4.355543454046e+01
168.0,8.500070000700e-01,8.650376552340e-04,3.015869840839e-01,2.087072780488e-05,6.261218341465e-06,3.000000000000e-10,2.006732111338e-16,1.656778800000e-15,1.857452011134e-15,4.309816714356e-08,2.110571626320e+04,4.324400095362e+01
170.0,8.600070834042e-01,8.450374587366e-04,2.973138393333e-01,2.009930649899e-05,6.029791949698e-06,3.000000000000e-10,1.932574919862e-16,1.656778800000e-15,1.850036291986e-15,4.301204821891e-08,1.965279876624e+04,4.293424407240e+01
172.0,8.700071667383e-01,8.257229529520e-04,2.931012401865e-01,1.936163372485e-05,5.808490117456e-06,3.000000000000e-10,1.861661994927e-16,1.656778800000e-15,1.842944999493e-15,4.292953528158e-08,1.830687158536e+04,4.262614135165e+01
174.0,8.800072500725e-01,8.070631478936e-04,2.889483287811e-01,1.865596382438e-05,5.596789147313e-06,3.000000000000e-10,1.793825525375e-16,1.656778800000e-15,1.836161352537e-15,4.285045335276e-08,1.705952949951e+04,4.231967049189e+01
176.0,8.900073334067e-01,7.890287847479e-04,2.848542594098e-01,1.798065681059e-05,5.394197043177e-06,3.000000000000e-10,1.728907858279e-16,1.656778800000e-15,1.829669585828e-15,4.277463717938e-08,1.590306903826e+04,4.201480944305e+01
178.0,9.000074167408e-01,7.715922211091e-04,2.808181983477e-01,1.733417099128e-05,5.200251297383e-06,3.000000000000e-10,1.666760789844e-16,1.656778800000e-15,1.823454878984e-15,4.270193062362e-08,1.483042649840e+04,4.171153640795e+01
180.0,9.100075000750e-01,7.547273249928e-04,2.768393236831e-01,1.671505617729e-05,5.014516853187e-06,3.000000000000e-10,1.607244912520e-16,1.656778800000e-15,1.817503291252e-15,4.263218609516e-08,1.383512172546e+04,4.140982984544e+01
182.0,9.200075834092e-01,7.384093768695e-04,2.729168251496e-01,1.612194742368e-05,4.836584227103e-06,3.000000000000e-10,1.550229013332e-16,1.656778800000e-15,1.811801701333e-15,4.256526402283e-08,1.291120709769e+04,4.110966847329e+01
184.0,9.300076667433e-01,7.226149790321e-04,2.690499039617e-01,1.555355925679e-05,4.666067777038e-06,3.000000000000e-10,1.495589518931e-16,1.656778800000e-15,1.806337751893e-15,4.250103236267e-08,1.205322120799e+04,4.081103127069e+01
186.0,9.400077500775e-01,7.073219716765e-04,2.652377726515e-01,1.500868034520e-05,4.502604103559e-06,3.000000000000e-10,1.443209983300e-16,1.656778800000e-15,1.801099798330e-15,4.243936613959e-08,1.125614678997e+04,4.051389748042e+01
188.0,9.500078334117e-01,6.925093551323e-04,2.614796549088e-01,1.448616857609e-05,4.345850572826e-06,3.000000000000e-10,1.392980614452e-16,1.656778800000e-15,1.796076861445e-15,4.238014702010e-08,1.051537248029e+04,4.021824661071e+01
190.0,9.600079167458e-01,6.781572177351e-04,2.577747854225e-01,1.398494650275e-05,4.195483950826e-06,3.000000000000e-10,1.344797836792e-16,1.656778800000e-15,1.791258583679e-15,4.232326291390e-08,9.826658050389e+03,3.992405843666e+01
192.0,9.700080000800e-01,6.642466688767e-04,2.541224097256e-01,1.350399713177e-05,4.051199139532e-06,3.000000000000e-10,1.298563886133e-16,1.656778800000e-15,1.786635188613e-15,4.226860760202e-08,9.186102777301e+03,3.963131300146e+01
194.0,9.800080834142e-01,6.507597768121e-04,2.505217840407e-01,1.304236002151e-05,3.912708006453e-06,3.000000000000e-10,1.254186434646e-16,1.656778800000e-15,1.782197443465e-15,4.221608038964e-08,8.590116656210e+03,3.933999061713e+01
196.0,9.900081667483e-01,6.376795108424e-04,2.469721751288e-01,1.259912766623e-05,3.779738299869e-06,3.000000000000e-10,1.211578243262e-16,1.656778800000e-15,1.777936624326e-15,4.216558578185e-08,8.035394186735e+03,3.905007186504e+01
198.0,1.000008250083e+00,6.249896875245e-04,2.434728601405e-01,1.217344214239e-05,3.652032642717e-06,3.000000000000e-10,1.170656839278e-16,1.656778800000e-15,1.773844483928e-15,4.211703318051e-08,7.518890491425e+03,3.876153759607e+01
200.0,1.010008333417e+00,6.126749205893e-04,2.400231264678e-01,1.176449199586e-05,3.529347598758e-06,3.000000000000e-10,1.131344217124e-16,1.656778800000e-15,1.769913221712e-15,4.207033660089e-08,7.037799548618e+03,3.847436893052e+01
202.0,1.020008416751e+00,6.007205742811e-04,2.366222716000e-01,1.137150935066e-05,3.411452805197e-06,3.000000000000e-10,1.093566560421e-16,1.656778800000e-15,1.766135456042e-15,4.202541440655e-08,6.589534343062e+03,3.818854725765e+01
204.0,1.030008500085e+00,5.891127198516e-04,2.332696029799e-01,1.099376722161e-05,3.298130166484e-06,3.000000000000e-10,1.057253983651e-16,1.656778800000e-15,1.762504198365e-15,4.198218906114e-08,6.171708756871e+03,3.790405423504e+01
206.0,1.040008583419e+00,5.778380949687e-04,2.299644378631e-01,1.063057701483e-05,3.189173104449e-06,3.000000000000e-10,1.022340291871e-16,1.656778800000e-15,1.759012829187e-15,4.194058689607e-08,5.782121040493e+03,3.762087178768e+01
208.0,1.050008666753e+00,5.668840658179e-04,2.267061031791e-01,1.028128620127e-05,3.084385860382e-06,3.000000000000e-10,9.887627570735e-17,1.656778800000e-15,1.755655075707e-15,4.190053789282e-08,5.418738718873e+03,3.733898210675e+01
210.0,1.060008750088e+00,5.562385916949e-04,2.234939353938e-01,9.945276150063e-06,2.983582845019e-06,3.000000000000e-10,9.564619099034e-17,1.656778800000e-15,1.752424990990e-15,4.186197547883e-08,5.079684801836e+03,3.705836764829e+01
212.0,1.070008833422e+00,5.458901919032e-04,2.203272803748e-01,9.621960109223e-06,2.886588032767e-06,3.000000000000e-10,9.253813455414e-17,1.656778800000e-15,1.749316934554e-15,4.182483633625e-08,4.763225180254e+03,3.677901113158e+01
214.0,1.080008916756e+00,5.358279147879e-04,2.172054932578e-01,9.310781322624e-06,2.793234396787e-06,3.000000000000e-10,8.954675426883e-17,1.656778800000e-15,1.746325554269e-15,4.178906022237e-08,4.467757100801e+03,3.650089553734e+01
216.0,1.090009000090e+00,5.260413087482e-04,2.141279383158e-01,9.011211272893e-06,2.703363381868e-06,3.000000000000e-10,8.666696946529e-17,1.656778800000e-15,1.743445769465e-15,4.175458980119e-08,4.191798622257e+03,3.622400410583e+01
218.0,1.100009083424e+00,5.165203950867e-04,2.110939888290e-01,8.722748040830e-06,2.616824412249e-06,3.000000000000e-10,8.389395516421e-17,1.656778800000e-15,1.740672755164e-15,4.172137048521e-08,3.933978965447e+03,3.594832033465e+01
220.0,1.110009166758e+00,5.072556425630e-04,2.081030269577e-01,8.444914772700e-06,2.533474431810e-06,3.000000000000e-10,8.122312734213e-17,1.656778800000e-15,1.738001927342e-15,4.168935028688e-08,3.693029677159e+03,3.567382797652e+01
222.0,1.120009250093e+00,4.982379435299e-04,2.051544436164e-01,8.177258247477e-06,2.453177474243e-06,3.000000000000e-10,7.865012915823e-17,1.656778800000e-15,1.735428929158e-15,4.165847967891e-08,3.467776535829e+03,3.540051103688e+01
224.0,1.130009333427e+00,4.894585915427e-04,2.022476383493e-01,7.919347536745e-06,2.375804261023e-06,3.000000000000e-10,7.617081807187e-17,1.656778800000e-15,1.732949618072e-15,4.162871146303e-08,3.257132133465e+03,3.512835377131e+01
226.0,1.140009416761e+00,4.809092603357e-04,1.993820192088e-01,7.670772750554e-06,2.301231825166e-06,3.000000000000e-10,7.378125378645e-17,1.656778800000e-15,1.730560053786e-15,4.160000064647e-08,3.060089074384e+03,3.485734068295e+01
228.0,1.150009500095e+00,4.725819840739e-04,1.965570026341e-01,7.431143863074e-06,2.229343158922e-06,3.000000000000e-10,7.147768696034e-17,1.656778800000e-15,1.728256486960e-15,4.157230432584e-08,2.875713736781e+03,3.458745651974e+01
230.0,1.160009583429e+00,4.644691387908e-04,1.937720133330e-01,7.200089612363e-06,2.160026883709e-06,3.000000000000e-10,6.925654863029e-17,1.656778800000e-15,1.726035348630e-15,4.154558157771e-08,2.703140548105e+03,3.431868627156e+01
232.0,1.170009666763e+00,4.565634249320e-04,1.910264841647e-01,6.977256469035e-06,2.093176940710e-06,3.000000000000e-10,6.711444029716e-17,1.656778800000e-15,1.723893240297e-15,4.151979335567e-08,2.541566729716e+03,3.405101516741e+01
234.0,1.180009750098e+00,4.488578509300e-04,1.883198560238e-01,6.762307668983e-06,2.028692300695e-06,3.000000000000e-10,6.504812462746e-17,1.656778800000e-15,1.721826924627e-15,4.149490239328e-08,2.390247470308e+03,3.378442867235e+01
236.0,1.190009833432e+00,4.413457177410e-04,1.856515777271e-01,6.554922305736e-06,1.966476691721e-06,3.000000000000e-10,6.305451672810e-17,1.656778800000e-15,1.719833316728e-15,4.147087311268e-08,2.248491491279e+03,3.351891248454e+01
238.0,1.200009916766e+00,4.340206042803e-04,1.830211059008e-01,6.354794478328e-06,1.906438343498e-06,3.000000000000e-10,6.113067595478e-17,1.656778800000e-15,1.717909475955e-15,4.144767153840e-08,2.115656970540e+03,3.325445253213e+01
240.0,1.210010000100e+00,4.268763536960e-04,1.804279048702e-01,6.161632490879e-06,1.848489747264e-06,3.000000000000e-10,5.927379821757e-17,1.656778800000e-15,1.716052598218e-15,4.142526521602e-08,1.991147794239e+03,3.299103497014e+01
242.0,1.220010083434e+00,4.199070604277e-04,1.778714465505e-01,5.975158100404e-06,1.792547430121e-06,3.000000000000e-10,5.748120875002e-17,1.656778800000e-15,1.714260008750e-15,4.140362313554e-08,1.874410108638e+03,3.272864617732e+01
244.0,1.230010166768e+00,4.131070579989e-04,1.753512103393e-01,5.795105809585e-06,1.738531742875e-06,3.000000000000e-10,5.575035531053e-17,1.656778800000e-15,1.712529155311e-15,4.138271565896e-08,1.764929146819e+03,3.246727275297e+01
246.0,1.240010250103e+00,4.064709074945e-04,1.728666830105e-01,5.621222201506e-06,1.686366660452e-06,3.000000000000e-10,5.407880178713e-17,1.656778800000e-15,1.710857601787e-15,4.136251445194e-08,1.662226307153e+03,3.220690151372e+01
248.0,1.250010333437e+00,3.999933866825e-04,1.704173586097e-01,5.453265313583e-06,1.635979594075e-06,3.000000000000e-10,5.246422217904e-17,1.656778800000e-15,1.709243022179e-15,4.134299241926e-08,1.565856462481e+03,3.194751949031e+01
250.0,1.260010416771e+00,3.936694797368e-04,1.680027383516e-01,5.291004048097e-06,1.587301214429e-06,3.000000000000e-10,5.090439493005e-17,1.656778800000e-15,1.707683194930e-15,4.132412364382e-08,1.475405480834e+03,3.168911392442e+01
252.0,1.270010500105e+00,3.874943675238e-04,1.656223305178e-01,5.134217616945e-06,1.540265285083e-06,3.000000000000e-10,4.939719759092e-17,1.656778800000e-15,1.706175997591e-15,4.130588332902e-08,1.390487940156e+03,3.143167226536e+01
254.0,1.280010583439e+00,3.814634184194e-04,1.632756503572e-01,4.982695018393e-06,1.494808505518e-06,3.000000000000e-10,4.794060178939e-17,1.656778800000e-15,1.704719401789e-15,4.128824774424e-08,1.310745021042e+03,3.117518216690e+01
256.0,1.290010666773e+00,3.755721796211e-04,1.609622199870e-01,4.836234543774e-06,1.450870363132e-06,3.000000000000e-10,4.653266848796e-17,1.656778800000e-15,1.703311468488e-15,4.127119417327e-08,1.235842562890e+03,3.091963148404e+01
258.0,1.300010750108e+00,3.698163689269e-04,1.586815682955e-01,4.694643312213e-06,1.408392993664e-06,3.000000000000e-10,4.517154351124e-17,1.656778800000e-15,1.701950343511e-15,4.125470086561e-08,1.165469270102e+03,3.066500826976e+01
260.0,1.310010833442e+00,3.641918669511e-04,1.564332308460e-01,4.557736831601e-06,1.367321049480e-06,3.000000000000e-10,4.385545332556e-17,1.656778800000e-15,1.700634253326e-15,4.123874699025e-08,1.099335056139e+03,3.041130077187e+01
262.0,1.320010916776e+00,3.586947097523e-04,1.542167497826e-01,4.425338584176e-06,1.327601575253e-06,3.000000000000e-10,4.258270105511e-17,1.656778800000e-15,1.699361501055e-15,4.122331259197e-08,1.037169514267e+03,3.015849742979e+01
264.0,1.330011000110e+00,3.533210818469e-04,1.520316737363e-01,4.297279635160e-06,1.289183890548e-06,3.000000000000e-10,4.135166271979e-17,1.656778800000e-15,1.698130462720e-15,4.120837855000e-08,9.787205047759e+02,2.990658687142e+01
266.0,1.340011083444e+00,3.480673095871e-04,1.498775577338e-01,4.173398263030e-06,1.252019478909e-06,3.000000000000e-10,4.016078368091e-17,1.656778800000e-15,1.696939583681e-15,4.119392653876e-08,9.237528493310e+02,2.965555790994e+01
268.0,1.350011166778e+00,3.429298548800e-04,1.477539631065e-01,4.053539610083e-06,1.216061883025e-06,3.000000000000e-10,3.900857528210e-17,1.656778800000e-15,1.695787375282e-15,4.117993899075e-08,8.720471238915e+02,2.940539954076e+01
270.0,1.360011250113e+00,3.379053092298e-04,1.456604574011e-01,3.937555352054e-06,1.181266605616e-06,3.000000000000e-10,3.789361167334e-17,1.656778800000e-15,1.694672411673e-15,4.116639906129e-08,8.233985423569e+02,2.915610093841e+01
272.0,1.370011333447e+00,3.329903880826e-04,1.435966142920e-01,3.825303385635e-06,1.147591015690e-06,3.000000000000e-10,3.681452680703e-17,1.656778800000e-15,1.693593326807e-15,4.115329059513e-08,7.776159237567e+02,2.890765145345e+01
274.0,1.380011416781e+00,3.281819254575e-04,1.415620134937e-01,3.716647532800e-06,1.114994259840e-06,3.000000000000e-10,3.577001159568e-17,1.656778800000e-15,1.692548811596e-15,4.114059809477e-08,7.345207363940e+02,2.866004060949e+01
276.0,1.390011500115e+00,3.234768688465e-04,1.395562406760e-01,3.611457260948e-06,1.083437178284e-06,3.000000000000e-10,3.475881122156e-17,1.656778800000e-15,1.691537611222e-15,4.112830669042e-08,6.939462129021e+02,2.841325810015e+01
278.0,1.400011583449e+00,3.188722743689e-04,1.375788873791e-01,3.509607417898e-06,1.052882225369e-06,3.000000000000e-10,3.377972258930e-17,1.656778800000e-15,1.690558522589e-15,4.111640211144e-08,6.557365306708e+02,2.816729378614e+01
280.0,1.410011666783e+00,3.143653021656e-04,1.356295509308e-01,3.410977980876e-06,1.023293394263e-06,3.000000000000e-10,3.283159191277e-17,1.656778800000e-15,1.689610391913e-15,4.110487065924e-08,6.197460525538e+02,2.792213769228e+01
282.0,1.420011750118e+00,3.099532120190e-04,1.337078343642e-01,3.315453818663e-06,9.946361455990e-07,3.000000000000e-10,3.191331242869e-17,1.656778800000e-15,1.688692112429e-15,4.109369918161e-08,5.858386231870e+02,2.767778000470e+01
284.0,1.430011833452e+00,3.056333591873e-04,1.318133463369e-01,3.222924466134e-06,9.668773398401e-07,3.000000000000e-10,3.102382222920e-17,1.656778800000e-15,1.687802622229e-15,4.108287504824e-08,5.538869166240e+02,2.743421106788e+01
286.0,1.440011916786e+00,3.014031904399e-04,1.299457010515e-01,3.133283910471e-06,9.399851731412e-07,3.000000000000e-10,3.016210220675e-17,1.656778800000e-15,1.686940902207e-15,4.107238612750e-08,5.237718313483e+02,2.719142138192e+01
288.0,1.450012000120e+00,2.972602402841e-04,1.281045181769e-01,3.046430388379e-06,9.139291165136e-07,3.000000000000e-10,2.932717410469e-17,1.656778800000e-15,1.686105974105e-15,4.106222076440e-08,4.953819290362e+02,2.694940159975e+01
290.0,1.460012083454e+00,2.932021273716e-04,1.262894227707e-01,2.962266193671e-06,8.886798581014e-07,3.000000000000e-10,2.851809866761e-17,1.656778800000e-15,1.685296898668e-15,4.105236775958e-08,4.686129137361e+02,2.670814252436e+01
292.0,1.470012166788e+00,2.892265510759e-04,1.245000452031e-01,2.880697494632e-06,8.642092483897e-07,3.000000000000e-10,2.773397388562e-17,1.656778800000e-15,1.684512773886e-15,4.104281634934e-08,4.433671484007e+02,2.646763510617e+01
294.0,1.480012250123e+00,2.853312882310e-04,1.227360210818e-01,2.801634160609e-06,8.404902481827e-07,3.000000000000e-10,2.697393332735e-17,1.656778800000e-15,1.683752733327e-15,4.103355618670e-08,4.195532059474e+02,2.622787044030e+01
296.0,1.490012333457e+00,2.815141900225e-04,1.209969911770e-01,2.724989597309e-06,8.174968791926e-07,3.000000000000e-10,2.623714455669e-17,1.656778800000e-15,1.683015944557e-15,4.102457732332e-08,3.970854522508e+02,2.598883976404e+01
298.0,1.500012416791e+00,2.777731790235e-04,1.192826013493e-01,2.650680590319e-06,7.952041770956e-07,3.000000000000e-10,2.552280762852e-17,1.656778800000e-15,1.682301607629e-15,4.101587019226e-08,3.758836586751e+02,2.575053445422e+01
300.0,1.510012500125e+00,2.741062463677e-04,1.175925024767e-01,2.578627156389e-06,7.735881469167e-07,3.000000000000e-10,2.483015365907e-17,1.656778800000e-15,1.681608953659e-15,4.100742559170e-08,3.558726419408e+02,2.551294602472e+01
302.0,1.520012583459e+00,2.705114490517e-04,1.159263503839e-01,2.508752402051e-06,7.526257206153e-07,3.000000000000e-10,2.415844346683e-17,1.656778800000e-15,1.680937243467e-15,4.099923466928e-08,3.369819292976e+02,2.527606612394e+01
304.0,1.530012666793e+00,2.669869073609e-04,1.142838057725e-01,2.440982389170e-06,7.322947167509e-07,3.000000000000e-10,2.350696628008e-17,1.656778800000e-15,1.680285766280e-15,4.099128890728e-08,3.191454471274e+02,2.503988653242e+01
306.0,1.540012750128e+00,2.635308024115e-04,1.126645341510e-01,2.375246007051e-06,7.125738021152e-07,3.000000000000e-10,2.287503850748e-17,1.656778800000e-15,1.679653838507e-15,4.098358010847e-08,3.023012312538e+02,2.480439916035e+01
308.0,1.550012833462e+00,2.601413738034e-04,1.110682057678e-01,2.311474850746e-06,6.934424552238e-07,3.000000000000e-10,2.226200256815e-17,1.656778800000e-15,1.679040802568e-15,4.097610038264e-08,2.863911573628e+02,2.456959604530e+01
310.0,1.560012916796e+00,2.568169173783e-04,1.094944955433e-01,2.249603105226e-06,6.748809315678e-07,3.000000000000e-10,2.166722577829e-17,1.656778800000e-15,1.678446025778e-15,4.096884213373e-08,2.713606900661e+02,2.433546934982e+01
312.0,1.570013000130e+00,2.535557830770e-04,1.079430830038e-01,2.189567435103e-06,6.568702305308e-07,3.000000000000e-10,2.109009929102e-17,1.656778800000e-15,1.677868899291e-15,4.096179804758e-08,2.571586492484e+02,2.410201135920e+01
314.0,1.580013083464e+00,2.503563728916e-04,1.064136522165e-01,2.131306879606e-06,6.393920638819e-07,3.000000000000e-10,2.053003708682e-17,1.656778800000e-15,1.677308837087e-15,4.095496108027e-08,2.437369924463e+02,2.386921447921e+01
316.0,1.590013166798e+00,2.472171389075e-04,1.049058917250e-01,2.074762752543e-06,6.224288257629e-07,3.000000000000e-10,1.998647501179e-17,1.656778800000e-15,1.676765275012e-15,4.094832444694e-08,2.310506121007e+02,2.363707123392e+01
318.0,1.600013250133e+00,2.441365814307e-04,1.034194944857e-01,2.019878546963e-06,6.059635640889e-07,3.000000000000e-10,1.945886986126e-17,1.656778800000e-15,1.676237669861e-15,4.094188161115e-08,2.190571466120e+02,2.340557426350e+01
320.0,1.610013333467e+00,2.411132471966e-04,1.019541578058e-01,1.966599844299e-06,5.899799532898e-07,3.000000000000e-10,1.894669850627e-17,1.656778800000e-15,1.675725498506e-15,4.093562627475e-08,2.077168042105e+02,2.317471632215e+01
322.0,1.620013416801e+00,2.381457276554e-04,1.005095832809e-01,1.914874227742e-06,5.744622683226e-07,3.000000000000e-10,1.844945706091e-17,1.656778800000e-15,1.675228257061e-15,4.092955236820e-08,1.969921987260e+02,2.294449027596e+01
324.0,1.630013500135e+00,2.352326573316e-04,9.908547673505e-02,1.864651199628e-06,5.593953598885e-07,3.000000000000e-10,1.796666008811e-17,1.656778800000e-15,1.674745460088e-15,4.092365404125e-08,1.868481964109e+02,2.271488910093e+01
326.0,1.640013583469e+00,2.323727122526e-04,9.768154816014e-02,1.815882102641e-06,5.447646307922e-07,3.000000000000e-10,1.749783984218e-17,1.656778800000e-15,1.674276639842e-15,4.091792565419e-08,1.772517730344e+02,2.248590588088e+01
328.0,1.650013666803e+00,2.295646084444e-04,9.629751165730e-02,1.768520044622e-06,5.305560133865e-07,3.000000000000e-10,1.704254554601e-17,1.656778800000e-15,1.673821345546e-15,4.091236176935e-08,1.681718805234e+02,2.225753380555e+01
330.0,1.660013750138e+00,2.268071004897e-04,9.493308537846e-02,1.722519826819e-06,5.167559480456e-07,3.000000000000e-10,1.660034270127e-17,1.656778800000e-15,1.673379142701e-15,4.090695714302e-08,1.595793224776e+02,2.202976616867e+01
332.0,1.670013833472e+00,2.240989801476e-04,9.358799146906e-02,1.677837875382e-06,5.033513626147e-07,3.000000000000e-10,1.617081242995e-17,1.656778800000e-15,1.672949612430e-15,4.090170671781e-08,1.514466379403e+02,2.180259636598e+01
334.0,1.680013916806e+00,2.214390750292e-04,9.226195601138e-02,1.634432175964e-06,4.903296527891e-07,3.000000000000e-10,1.575355084560e-17,1.656778800000e-15,1.672532350846e-15,4.089660561520e-08,1.437479928461e+02,2.157601789348e+01
336.0,1.690014000140e+00,2.188262473287e-04,9.095470896884e-02,1.592262211242e-06,4.776786633726e-07,3.000000000000e-10,1.534816845280e-17,1.656778800000e-15,1.672126968453e-15,4.089164912855e-08,1.364590786145e+02,2.135002434553e+01
338.0,1.700014083474e+00,2.162593926066e-04,8.966598413094e-02,1.551288901250e-06,4.653866703750e-07,3.000000000000e-10,1.495428957348e-17,1.656778800000e-15,1.671733089573e-15,4.088683271633e-08,1.295570173933e+02,2.112460941310e+01
340.0,1.710014166808e+00,2.137374386220e-04,8.839551905910e-02,1.511474546348e-06,4.534423639045e-07,3.000000000000e-10,1.457155179876e-17,1.656778800000e-15,1.671350351799e-15,4.088215199569e-08,1.230202734945e+02,2.089976688197e+01
342.0,1.720014250143e+00,2.112593442133e-04,8.714305503319e-02,1.472782772724e-06,4.418348318172e-07,3.000000000000e-10,1.419960546498e-17,1.656778800000e-15,1.670978405465e-15,4.087760273628e-08,1.168285705958e+02,2.067549063108e+01
344.0,1.730014333477e+00,2.088240982226e-04,8.590833699885e-02,1.435178480287e-06,4.305535440861e-07,3.000000000000e-10,1.383811315290e-17,1.656778800000e-15,1.670616913153e-15,4.087318085436e-08,1.109628143147e+02,2.045177463078e+01
346.0,1.740014416811e+00,2.064307184649e-04,8.469111351556e-02,1.398627792849e-06,4.195883378547e-07,3.000000000000e-10,1.348674920868e-17,1.656778800000e-15,1.670265549209e-15,4.086888240714e-08,1.054050197868e+02,2.022861294120e+01
348.0,1.750014500145e+00,2.040782507371e-04,8.349113670541e-02,1.363098010471e-06,4.089294031413e-07,3.000000000000e-10,1.314519928586e-17,1.656778800000e-15,1.669923999286e-15,4.086470358740e-08,1.001382439111e+02,2.000599971061e+01
350.0,1.760014583479e+00,2.017657678668e-04,8.230816220264e-02,1.328557563881e-06,3.985672691644e-07,3.000000000000e-10,1.281315990713e-17,1.656778800000e-15,1.669591959907e-15,4.086064071826e-08,9.514652194302e+01,1.978392917389e+01
352.0,1.770014666813e+00,1.994923687988e-04,8.114194910389e-02,1.294975970855e-06,3.884927912565e-07,3.000000000000e-10,1.249033804505e-17,1.656778800000e-15,1.669269138045e-15,4.085669024829e-08,9.041480814471e+01,1.956239565087e+01
354.0,1.780014750148e+00,1.972571777172e-04,7.999225991911e-02,1.262323794469e-06,3.786971383407e-07,3.000000000000e-10,1.217645072073e-17,1.656778800000e-15,1.668955250721e-15,4.085284874670e-08,8.592892021851e+01,1.934139354489e+01
356.0,1.790014833482e+00,1.950593432016e-04,7.885886052324e-02,1.230572603143e-06,3.691717809429e-07,3.000000000000e-10,1.187122461966e-17,1.656778800000e-15,1.668650024620e-15,4.084911289881e-08,8.167548727039e+01,1.912091734126e+01
358.0,1.800014916816e+00,1.928980374163e-04,7.774152010847e-02,1.199694932375e-06,3.599084797124e-07,3.000000000000e-10,1.157439572396e-17,1.656778800000e-15,1.668353195724e-15,4.084547950170e-08,7.764190106802e+01,1.890096160581e+01
360.0,1.810015000150e+00,1.907724553308e-04,7.664001113729e-02,1.169664248099e-06,3.508992744297e-07,3.000000000000e-10,1.128570896006e-17,1.656778800000e-15,1.668064508960e-15,4.084194546003e-08,7.381627037439e+01,1.868152098341e+01
362.0,1.820015083484e+00,1.886818139696e-04,7.555410929615e-02,1.140454911589e-06,3.421364734766e-07,3.000000000000e-10,1.100491786135e-17,1.656778800000e-15,1.667783717861e-15,4.083850778201e-08,7.018737815301e+01,1.846259019660e+01
364.0,1.830015166818e+00,1.866253516917e-04,7.448359344976e-02,1.112042145826e-06,3.336126437477e-07,3.000000000000e-10,1.073178424487e-17,1.656778800000e-15,1.667510584245e-15,4.083516357559e-08,6.674464145528e+01,1.824416404421e+01
366.0,1.840015250153e+00,1.846023274961e-04,7.342824559605e-02,1.084402003279e-06,3.253206009837e-07,3.000000000000e-10,1.046607790158e-17,1.656778800000e-15,1.667244877902e-15,4.083191004474e-08,6.347807381337e+01,1.802623739997e+01
368.0,1.850015333487e+00,1.826120203550e-04,7.238785082182e-02,1.057511335018e-06,3.172534005054e-07,3.000000000000e-10,1.020757629942e-17,1.656778800000e-15,1.666986376299e-15,4.082874448596e-08,6.037824997447e+01,1.780880521118e+01
370.0,1.860015416821e+00,1.806537285704e-04,7.136219725892e-02,1.031347761104e-06,3.094043283312e-07,3.000000000000e-10,9.956064298698e-18,1.656778800000e-15,1.666734864299e-15,4.082566428484e-08,5.743627282337e+01,1.759186249745e+01
372.0,1.870015500155e+00,1.787267691563e-04,7.035107604115e-02,1.005889642200e-06,3.017668926601e-07,3.000000000000e-10,9.711333879179e-18,1.656778800000e-15,1.666490133879e-15,4.082266691287e-08,5.464374235072e+01,1.737540434938e+01
374.0,1.880015583489e+00,1.768304772426e-04,6.935428126169e-02,9.811160523460e-07,2.943348157038e-07,3.000000000000e-10,9.473183878350e-18,1.656778800000e-15,1.666251983878e-15,4.081974992425e-08,5.199272653452e+01,1.715942592734e+01
376.0,1.890015666823e+00,1.749642055019e-04,6.837160993120e-02,9.570067528397e-07,2.871020258519e-07,3.000000000000e-10,9.241419740364e-18,1.656778800000e-15,1.666020219740e-15,4.081691095294e-08,4.947573401067e+01,1.694392246020e+01
378.0,1.900015750158e+00,1.731273235964e-04,6.740286193647e-02,9.335421671840e-07,2.800626501552e-07,3.000000000000e-10,9.015853275180e-18,1.656778800000e-15,1.665794653275e-15,4.081414770977e-08,4.708568841768e+01,1.672888924417e+01
380.0,1.910015833492e+00,1.713192176465e-04,6.644783999964e-02,9.107033570428e-07,2.732110071129e-07,3.000000000000e-10,8.796302427440e-18,1.656778800000e-15,1.665575102427e-15,4.081145797968e-08,4.481590430767e+01,1.651432164161e+01
382.0,1.920015916826e+00,1.695392897168e-04,6.550634963808e-02,8.884719991665e-07,2.665415997499e-07,3.000000000000e-10,8.582591054651e-18,1.656778800000e-15,1.665361391055e-15,4.080883961907e-08,4.266006452345e+01,1.630021507985e+01
384.0,1.930016000160e+00,1.677869573226e-04,6.457819912476e-02,8.668303632412e-07,2.600491089724e-07,3.000000000000e-10,8.374548714245e-18,1.656778800000e-15,1.665153348714e-15,4.080629055323e-08,4.061219894825e+01,1.608656505009e+01
386.0,1.940016083494e+00,1.660616529527e-04,6.366319944918e-02,8.457612906230e-07,2.537283871869e-07,3.000000000000e-10,8.172010459151e-18,1.656778800000e-15,1.664950810459e-15,4.080380877393e-08,3.866666454050e+01,1.587336710627e+01
388.0,1.950016166828e+00,1.643628236101e-04,6.276116427892e-02,8.252481739152e-07,2.475744521746e-07,3.000000000000e-10,7.974816641473e-18,1.656778800000e-15,1.664753616641e-15,4.080139233704e-08,3.681812657250e+01,1.566061686397e+01
390.0,1.960016250163e+00,1.626899303688e-04,6.187190992168e-02,8.052749373556e-07,2.415824812067e-07,3.000000000000e-10,7.782812723945e-18,1.656778800000e-15,1.664561612724e-15,4.079903936031e-08,3.506154099665e+01,1.544830999939e+01
392.0,1.970016333497e+00,1.610424479464e-04,6.099525528787e-02,7.858260179739e-07,2.357478053922e-07,3.000000000000e-10,7.595849098806e-18,1.656778800000e-15,1.664374649099e-15,4.079674802112e-08,3.339213786830e+01,1.523644224825e+01
394.0,1.980016416831e+00,1.594198642914e-04,6.013102185373e-02,7.668863474900e-07,2.300659042470e-07,3.000000000000e-10,7.413780913777e-18,1.656778800000e-15,1.664192580914e-15,4.079451655448e-08,3.180540575895e+01,1.502500940480e+01
396.0,1.990016500165e+00,1.578216801858e-04,5.927903362498e-02,7.484413349186e-07,2.245324004756e-07,3.000000000000e-10,7.236467904842e-18,1.656778800000e-15,1.664015267905e-15,4.079234325097e-08,3.029707709762e+01,1.481400732080e+01
398.0,2.000016583499e+00,1.562474088605e-04,5.843911710097e-02,7.304768498497e-07,2.191430549549e-07,3.000000000000e-10,7.063774235527e-18,1.656778800000e-15,1.663842574236e-15,4.079022645482e-08,2.886311438270e+01,1.460343190453e+01
400.0,2.010016666833e+00,1.546965756251e-04,5.761110123938e-02,7.129792063776e-07,2.138937619133e-07,3.000000000000e-10,6.895568342401e-18,1.656778800000e-15,1.663674368342e-15,4.078816456207e-08,2.749969720998e+01,1.439327911984e+01
402.0,2.020016750168e+00,1.531687175096e-04,5.679481742134e-02,6.959351476495e-07,2.087805442949e-07,3.000000000000e-10,6.731722786545e-18,1.656778800000e-15,1.663510522787e-15,4.078615601876e-08,2.620321006629e+01,1.418354498521e+01
404.0,2.030016833502e+00,1.516633829193e-04,5.599009941713e-02,6.793318310073e-07,2.037995493022e-07,3.000000000000e-10,6.572114110718e-18,1.656778800000e-15,1.663350914111e-15,4.078419931923e-08,2.497023084150e+01,1.397422557278e+01
406.0,2.040016916836e+00,1.501801313006e-04,5.519678335231e-02,6.631568136978e-07,1.989470441094e-07,3.000000000000e-10,6.416622701991e-18,1.656778800000e-15,1.663195422702e-15,4.078229300446e-08,2.379752001454e+01,1.376531700749e+01
408.0,2.050017000170e+00,1.487185328189e-04,5.441470767438e-02,6.473980391284e-07,1.942194117385e-07,3.000000000000e-10,6.265132659618e-18,1.656778800000e-15,1.663043932660e-15,4.078043566049e-08,2.268201047205e+01,1.355681546615e+01
410.0,2.060017083504e+00,1.472781680472e-04,5.364371311981e-02,6.320438236427e-07,1.896131470928e-07,3.000000000000e-10,6.117531667910e-18,1.656778800000e-15,1.662896331668e-15,4.077862591687e-08,2.162079792093e+01,1.334871717659e+01
412.0,2.070017166838e+00,1.458586276647e-04,5.288364268170e-02,6.170828437972e-07,1.851248531392e-07,3.000000000000e-10,5.973710873929e-18,1.656778800000e-15,1.662752510874e-15,4.077686244519e-08,2.061113185857e+01,1.314101841679e+01
414.0,2.080017250173e+00,1.444595121669e-04,5.213434157772e-02,6.025041241167e-07,1.807512372350e-07,3.000000000000e-10,5.833564769774e-18,1.656778800000e-15,1.662612364770e-15,4.077514395768e-08,1.965040706678e+01,1.293371551405e+01
416.0,2.090017333507e+00,1.430804315833e-04,5.139565721865e-02,5.882970253083e-07,1.764891075925e-07,3.000000000000e-10,5.696991079288e-18,1.656778800000e-15,1.662475791079e-15,4.077346920584e-08,1.873615559753e+01,1.272680484414e+01
418.0,2.100017416841e+00,1.417210052068e-04,5.066743917729e-02,5.744512329166e-07,1.723353698750e-07,3.000000000000e-10,5.563890648993e-18,1.656778800000e-15,1.662342690649e-15,4.077183697908e-08,1.786603922104e+01,1.252028283054e+01
420.0,2.110017500175e+00,1.403808613299e-04,4.994953915781e-02,5.609567464003e-07,1.682870239201e-07,3.000000000000e-10,5.434167343087e-18,1.656778800000e-15,1.662212967343e-15,4.077024610354e-08,1.703784230799e+01,1.231414594359e+01
422.0,2.120017583509e+00,1.390596369913e-04,4.924181096557e-02,5.478038686134e-07,1.643411605840e-07,3.000000000000e-10,5.307727942328e-18,1.656778800000e-15,1.662086527942e-15,4.076869544077e-08,1.624946511993e+01,1.210839069974e+01
424.0,2.130017666843e+00,1.377569777300e-04,4.854411047734e-02,5.349831956759e-07,1.604949587028e-07,3.000000000000e-10,5.184482046651e-18,1.656778800000e-15,1.661963282047e-15,4.076718388663e-08,1.549891748347e+01,1.190301366082e+01
426.0,2.140017750178e+00,1.364725373471e-04,4.785629561195e-02,5.224856072156e-07,1.567456821647e-07,3.000000000000e-10,5.064341981376e-18,1.656778800000e-15,1.661843141981e-15,4.076571037013e-08,1.478431282508e+01,1.169801143322e+01
428.0,2.150017833512e+00,1.352059776762e-04,4.717822630136e-02,5.103022569684e-07,1.530906770905e-07,3.000000000000e-10,4.947222706838e-18,1.656778800000e-15,1.661726022707e-15,4.076427385232e-08,1.410386254520e+01,1.149338066722e+01
430.0,2.160017916846e+00,1.339569683608e-04,4.650976446215e-02,4.984245637218e-07,1.495273691165e-07,3.000000000000e-10,4.833041731324e-18,1.656778800000e-15,1.661611841731e-15,4.076287332526e-08,1.345587071143e+01,1.128911805625e+01
432.0,2.170018000180e+00,1.327251866384e-04,4.585077396735e-02,4.868442025867e-07,1.460532607760e-07,3.000000000000e-10,4.721719027181e-18,1.656778800000e-15,1.661500519027e-15,4.076150781101e-08,1.283872905185e+01,1.108522033617e+01
434.0,2.180018083514e+00,1.315103171327e-04,4.520112061880e-02,4.755530965866e-07,1.426659289760e-07,3.000000000000e-10,4.613176949948e-18,1.656778800000e-15,1.661391976950e-15,4.076017636063e-08,1.225091223081e+01,1.088168428460e+01
436.0,2.190018166848e+00,1.303120516510e-04,4.456067211973e-02,4.645434085495e-07,1.393630225649e-07,3.000000000000e-10,4.507340160425e-18,1.656778800000e-15,1.661286140160e-15,4.075887805326e-08,1.169097339038e+01,1.067850672023e+01
438.0,2.200018250183e+00,1.291300889891e-04,4.392929804789e-02,4.538075332922e-07,1.361422599877e-07,3.000000000000e-10,4.404135549528e-18,1.656778800000e-15,1.661182935550e-15,4.075761199518e-08,1.115753994211e+01,1.047568450216e+01
440.0,2.210018333517e+00,1.279641347419e-04,4.330686982897e-02,4.433380900836e-07,1.330014270251e-07,3.000000000000e-10,4.303492165849e-18,1.656778800000e-15,1.661082292166e-15,4.075637731897e-08,1.064930959419e+01,1.027321452925e+01
442.0,2.220018416851e+00,1.268139011202e-04,4.269326071040e-02,4.331279153781e-07,1.299383746134e-07,3.000000000000e-10,4.205341145796e-18,1.656778800000e-15,1.660984141146e-15,4.075517318263e-08,1.016504660034e+01,1.007109373946e+01
444.0,2.230018500185e+00,1.256791067727e-04,4.208834573555e-02,4.231700558069e-07,1.269510167421e-07,3.000000000000e-10,4.109615646218e-18,1.656778800000e-15,1.660888415646e-15,4.075399876879e-08,9.703578217552e+00,9.869319109242e+00
446.0,2.240018583519e+00,1.245594766146e-04,4.149200171829e-02,4.134577614179e-07,1.240373284254e-07,3.000000000000e-10,4.016250779423e-18,1.656778800000e-15,1.660795050779e-15,4.075285328390e-08,9.263791360461e+00,9.667887652930e+00
448.0,2.250018666853e+00,1.234547416602e-04,4.090410721789e-02,4.039844791542e-07,1.211953437463e-07,3.000000000000e-10,3.925183550481e-18,1.656778800000e-15,1.660703983550e-15,4.075173595751e-08,8.844629441045e+00,9.466796422112e+00
450.0,2.260018750188e+00,1.223646388617e-04,4.032454251430e-02,3.947438465621e-07,1.184231539686e-07,3.000000000000e-10,3.836352796746e-18,1.656778800000e-15,1.660615152797e-15,4.075064604146e-08,8.445089382845e+00,9.266042505051e+00
452.0,2.270018833522e+00,1.212889109525e-04,3.975318958376e-02,3.857296857202e-07,1.157189057161e-07,3.000000000000e-10,3.749699129490e-18,1.656778800000e-15,1.660528499129e-15,4.074958280927e-08,8.064218799703e+00,9.065623026102e+00
454.0,2.280018916856e+00,1.202273062954e-04,3.918993207480e-02,3.769359973801e-07,1.130807992140e-07,3.000000000000e-10,3.665164877579e-18,1.656778800000e-15,1.660443964878e-15,4.074854555536e-08,7.701113329547e+00,8.865535145136e+00
456.0,2.290019000190e+00,1.191795787354e-04,3.863465528448e-02,3.683569553114e-07,1.105070865934e-07,3.000000000000e-10,3.582694033112e-18,1.656778800000e-15,1.660361494033e-15,4.074753359448e-08,7.354914114335e+00,8.665776056988e+00
458.0,2.300019083524e+00,1.181454874572e-04,3.808724613510e-02,3.599869008427e-07,1.079960702528e-07,3.000000000000e-10,3.502232198941e-18,1.656778800000e-15,1.660281032199e-15,4.074654626099e-08,7.024805417793e+00,8.466342990897e+00
460.0,2.310019166858e+00,1.171247968465e-04,3.754759315113e-02,3.518203375920e-07,1.055461012776e-07,3.000000000000e-10,3.423726538019e-18,1.656778800000e-15,1.660202526538e-15,4.074558290831e-08,6.710012373088e+00,8.267233209974e+00
462.0,2.320019250193e+00,1.161172763559e-04,3.701558643651e-02,3.438519263780e-07,1.031555779134e-07,3.000000000000e-10,3.347125724477e-18,1.656778800000e-15,1.660125925724e-15,4.074464290830e-08,6.409798853063e+00,8.068444010671e+00
464.0,2.330019333527e+00,1.151227003749e-04,3.649111765231e-02,3.360764803067e-07,1.008229440920e-07,3.000000000000e-10,3.272379896390e-18,1.656778800000e-15,1.660051179896e-15,4.074372565066e-08,6.123465456055e+00,7.869972722258e+00
466.0,2.340019416861e+00,1.141408481033e-04,3.597407999462e-02,3.284889600257e-07,9.854668800772e-08,3.000000000000e-10,3.199440610165e-18,1.656778800000e-15,1.659978240610e-15,4.074283054244e-08,5.850347600775e+00,7.671816706315e+00
468.0,2.350019500195e+00,1.131715034287e-04,3.546436817282e-02,3.210844691414e-07,9.632534074241e-08,3.000000000000e-10,3.128260796476e-18,1.656778800000e-15,1.659907060796e-15,4.074195700744e-08,5.589813724083e+00,7.473973356233e+00
470.0,2.360019583529e+00,1.122144548077e-04,3.496187838815e-02,3.138582497904e-07,9.415747493713e-08,3.000000000000e-10,3.058794717698e-18,1.656778800000e-15,1.659837594718e-15,4.074110448574e-08,5.341263575877e+00,7.276440096719e+00
472.0,2.370019666863e+00,1.112694951505e-04,3.446650831255e-02,3.068056783630e-07,9.204170350891e-08,3.000000000000e-10,2.990997926795e-18,1.656778800000e-15,1.659769797927e-15,4.074027243314e-08,5.104126605632e+00,7.079214383317e+00
474.0,2.380019750198e+00,1.103364217086e-04,3.397815706783e-02,2.999222613694e-07,8.997667841081e-08,3.000000000000e-10,2.924827227579e-18,1.656778800000e-15,1.659703627228e-15,4.073946032077e-08,4.877860435460e+00,6.882293701932e+00
476.0,2.390019833532e+00,1.094150359663e-04,3.349672520514e-02,2.932036314459e-07,8.796108943376e-08,3.000000000000e-10,2.860240636323e-18,1.656778800000e-15,1.659639040636e-15,4.073866763453e-08,4.661949414860e+00,6.685675568366e+00
478.0,2.400019916866e+00,1.085051435350e-04,3.302211468470e-02,2.866455434953e-07,8.599366304860e-08,3.000000000000e-10,2.797197344655e-18,1.656778800000e-15,1.659575997345e-15,4.073789387468e-08,4.455903252607e+00,6.489357527862e+00
480.0,2.410020000200e+00,1.076065540506e-04,3.255422885584e-02,2.802438709562e-07,8.407316128686e-08,3.000000000000e-10,2.735657683690e-18,1.656778800000e-15,1.659514457684e-15,4.073713855542e-08,4.259255721479e+00,6.293337154654e+00
482.0,2.420020083534e+00,1.067190810742e-04,3.209297243734e-02,2.739946021961e-07,8.219838065883e-08,3.000000000000e-10,2.675583089368e-18,1.656778800000e-15,1.659454383089e-15,4.073640120444e-08,4.071563431805e+00,6.097612051532e+00
484.0,2.430020166868e+00,1.058425419949e-04,3.163825149797e-02,2.678938370255e-07,8.036815110766e-08,3.000000000000e-10,2.616936068933e-18,1.656778800000e-15,1.659395736069e-15,4.073568136252e-08,3.892404670007e+00,5.902179849403e+00
486.0,2.440020250203e+00,1.049767579364e-04,3.118997343744e-02,2.619377833267e-07,7.858133499801e-08,3.000000000000e-10,2.559680168531e-18,1.656778800000e-15,1.659338480169e-15,4.073497858314e-08,3.721378298562e+00,5.707038206873e+00
488.0,2.450020333537e+00,1.041215536653e-04,3.074804696746e-02,2.561227537940e-07,7.683682613819e-08,3.000000000000e-10,2.503779941870e-18,1.656778800000e-15,1.659282579942e-15,4.073429243208e-08,3.558102714003e+00,5.512184809826e+00
490.0,2.460020416871e+00,1.032767575026e-04,3.031238209323e-02,2.504451627815e-07,7.513354883446e-08,3.000000000000e-10,2.449200919925e-18,1.656778800000e-15,1.659228000920e-15,4.073362248708e-08,3.402214859760e+00,5.317617371019e+00
492.0,2.470020500205e+00,1.024422012378e-04,2.988289009504e-02,2.449015232546e-07,7.347045697637e-08,3.000000000000e-10,2.395909581621e-18,1.656778800000e-15,1.659174709582e-15,4.073296833747e-08,3.253369290855e+00,5.123333629677e+00
494.0,2.480020583539e+00,1.016177200445e-04,2.945948351027e-02,2.394884438400e-07,7.184653315201e-08,3.000000000000e-10,2.343873325485e-18,1.656778800000e-15,1.659122673325e-15,4.073232958383e-08,3.111237287606e+00,4.929331351100e+00
496.0,2.490020666873e+00,1.008031523996e-04,2.904207611551e-02,2.342026259738e-07,7.026078779214e-08,3.000000000000e-10,2.293060442224e-18,1.656778800000e-15,1.659071860442e-15,4.073170583762e-08,2.975506015669e+00,4.735608326277e+00
498.0,2.500020750208e+00,9.999834000407e-05,2.863058290907e-02,2.290408611405e-07,6.871225834215e-08,3.000000000000e-10,2.243440088187e-18,1.656778800000e-15,1.659022240088e-15,4.073109672091e-08,2.845877729901e+00,4.542162371503e+00
500.0,2.510020833542e+00,9.920312770582e-05,2.822492009363e-02,2.240000282028e-07,6.720000846083e-08,3.000000000000e-10,2.194982259695e-18,1.656778800000e-15,1.658973782260e-15,4.073050186604e-08,2.722069019671e+00,4.348991328005e+00
502.0,2.520020916876e+00,9.841736342510e-05,2.782500505916e-02,2.190770908170e-07,6.572312724509e-08,3.000000000000e-10,2.147657768194e-18,1.656778800000e-15,1.658926457768e-15,4.072992091532e-08,2.603810093357e+00,4.156093061579e+00
504.0,2.530021000210e+00,9.764089808173e-05,2.743075636614e-02,2.142690949321e-07,6.428072847963e-08,3.000000000000e-10,2.101438216215e-18,1.656778800000e-15,1.658880238216e-15,4.072935352073e-08,2.490844099943e+00,3.963465462224e+00
506.0,2.540021083544e+00,9.687358552441e-05,2.704209372897e-02,2.095731663690e-07,6.287194991069e-08,3.000000000000e-10,2.056295974103e-18,1.656778800000e-15,1.658835095974e-15,4.072879934364e-08,2.382926485680e+00,3.771106443792e+00
508.0,2.550021166878e+00,9.611528246189e-05,2.665893799957e-02,2.049865084770e-07,6.149595254310e-08,3.000000000000e-10,2.012204157486e-18,1.656778800000e-15,1.658791004157e-15,4.072825805454e-08,2.279824383967e+00,3.579013943638e+00
510.0,2.560021250213e+00,9.536584839613e-05,2.628121115132e-02,2.005063998659e-07,6.015191995976e-08,3.000000000000e-10,1.969136605479e-18,1.656778800000e-15,1.658747936605e-15,4.072772933280e-08,2.181316036631e+00,3.387185922277e+00
512.0,2.570021333547e+00,9.462514555717e-05,2.590883626315e-02,1.961301922094e-07,5.883905766282e-08,3.000000000000e-10,1.927067859563e-18,1.656778800000e-15,1.658705867860e-15,4.072721286633e-08,2.087190244956e+00,3.195620363051e+00
514.0,2.580021416881e+00,9.389303883983e-05,2.554173750387e-02,1.918553081190e-07,5.755659243570e-08,3.000000000000e-10,1.885973143147e-18,1.656778800000e-15,1.658664773143e-15,4.072670835144e-08,1.997245848859e+00,3.004315271797e+00
516.0,2.590021500215e+00,9.316939574210e-05,2.517984011672e-02,1.876792390846e-07,5.630377172538e-08,3.000000000000e-10,1.845828341774e-18,1.656778800000e-15,1.658624628342e-15,4.072621549250e-08,1.911291232708e+00,2.813268676523e+00
518.0,2.600021583549e+00,9.245408630516e-05,2.482307040418e-02,1.835995434806e-07,5.507986304418e-08,3.000000000000e-10,1.806609983950e-18,1.656778800000e-15,1.658585409984e-15,4.072573400178e-08,1.829143856387e+00,2.622478627090e+00
520.0,2.610021666883e+00,9.174698305506e-05,2.447135571293e-02,1.796138446343e-07,5.388415339029e-08,3.000000000000e-10,1.768295222580e-18,1.656778800000e-15,1.658547095223e-15,4.072526359918e-08,1.750629810243e+00,2.431943194895e+00
522.0,2.620021750218e+00,9.104796094590e-05,2.412462441906e-02,1.757198289553e-07,5.271594868659e-08,3.000000000000e-10,1.730861816980e-18,1.656778800000e-15,1.658509661817e-15,4.072480401201e-08,1.675583392673e+00,2.241660472571e+00
524.0,2.630021833552e+00,9.035689730456e-05,2.378280591350e-02,1.719152441232e-07,5.157457323696e-08,3.000000000000e-10,1.694288115460e-18,1.656778800000e-15,1.658473088115e-15,4.072435497482e-08,1.603846709142e+00,2.051628573677e+00
526.0,2.640021916886e+00,8.967367177684e-05,2.344583058761e-02,1.681978973319e-07,5.045936919957e-08,3.000000000000e-10,1.658553038443e-18,1.656778800000e-15,1.658437353038e-15,4.072391622915e-08,1.535269291513e+00,1.861845632405e+00
528.0,2.650022000220e+00,8.899816627511e-05,2.311362981905e-02,1.645656535886e-07,4.936969607658e-08,3.000000000000e-10,1.623636062116e-18,1.656778800000e-15,1.658402436062e-15,4.072348752332e-08,1.469707736610e+00,1.672309803285e+00
530.0,2.660022083554e+00,8.833026492724e-05,2.278613595777e-02,1.610164340655e-07,4.830493021964e-08,3.000000000000e-10,1.589517202582e-18,1.656778800000e-15,1.658368317203e-15,4.072306861231e-08,1.407025363015e+00,1.483019260901e+00
532.0,2.670022166888e+00,8.766985402692e-05,2.246328231225e-02,1.575482145024e-07,4.726446435072e-08,3.000000000000e-10,1.556177000509e-18,1.656778800000e-15,1.658334977001e-15,4.072265925748e-08,1.347091885140e+00,1.293972199606e+00
534.0,2.680022250223e+00,8.701682198526e-05,2.214500313589e-02,1.541590236591e-07,4.624770709773e-08,3.000000000000e-10,1.523596506245e-18,1.656778800000e-15,1.658302396506e-15,4.072225922645e-08,1.289783103675e+00,1.105166833248e+00
536.0,2.690022333557e+00,8.637105928366e-05,2.183123361367e-02,1.508469418145e-07,4.525408254436e-08,3.000000000000e-10,1.491757265398e-18,1.656778800000e-15,1.658270557265e-15,4.072186829291e-08,1.234980611553e+00,9.166013948901e-01
538.0,2.700022416891e+00,8.573245842785e-05,2.152190984892e-02,1.476100993128e-07,4.428302979385e-08,3.000000000000e-10,1.460641304853e-18,1.656778800000e-15,1.658239441305e-15,4.072148623644e-08,1.182571514630e+00,7.282741365517e-01
540.0,2.710022500225e+00,8.510091390323e-05,2.121696885031e-02,1.444466751534e-07,4.333400254602e-08,3.000000000000e-10,1.430231119223e-18,1.656778800000e-15,1.658209031119e-15,4.072111284235e-08,1.132448166315e+00,5.401833289382e-01
542.0,2.720022583559e+00,8.447632213119e-05,2.091634851902e-02,1.413548956241e-07,4.240646868723e-08,3.000000000000e-10,1.400509657707e-18,1.656778800000e-15,1.658179309658e-15,4.072074790150e-08,1.084507915427e+00,3.523272611841e-01
544.0,2.730022666893e+00,8.385858142671e-05,2.061998763611e-02,1.383330329761e-07,4.149990989282e-08,3.000000000000e-10,1.371460311352e-18,1.656778800000e-15,1.658150260311e-15,4.072039121020e-08,1.038652866592e+00,1.647042405981e-01
546.0,2.740022750228e+00,8.324759195693e-05,2.032782585004e-02,1.353794041389e-07,4.061382124166e-08,3.000000000000e-10,1.343066900701e-18,1.656778800000e-15,1.658121866901e-15,4.072004256998e-08,9.947896525440e-01,-2.268740758775e-02
548.0,2.750022833562e+00,8.264325570084e-05,2.003980366438e-02,1.324923694744e-07,3.974771084232e-08,3.000000000000e-10,1.315313663815e-18,1.656778800000e-15,1.658094113664e-15,4.071970178751e-08,9.528292177058e-01,-2.098493404642e-01
550.0,2.760022916896e+00,8.204547640994e-05,1.975586242570e-02,1.296703315684e-07,3.890109947053e-08,3.000000000000e-10,1.288185244656e-18,1.656778800000e-15,1.658066985245e-15,4.071936867444e-08,9.126866124729e-01,-3.967831976872e-01
552.0,2.770023000230e+00,8.145415956993e-05,1.947594431161e-02,1.269117340586e-07,3.807352021758e-08,3.000000000000e-10,1.261666681819e-18,1.656778800000e-15,1.658040466682e-15,4.071904304723e-08,8.742807976574e-01,-5.834906017164e-01
554.0,2.780023083564e+00,8.086921236334e-05,1.919999231901e-02,1.242150604976e-07,3.726451814929e-08,3.000000000000e-10,1.235743397605e-18,1.656778800000e-15,1.658014543398e-15,4.071872472705e-08,8.375344585660e-01,-7.699731580490e-01
556.0,2.790023166898e+00,8.029054363312e-05,1.892795025248e-02,1.215788332505e-07,3.647364997516e-08,3.000000000000e-10,1.210401187422e-18,1.656778800000e-15,1.657989201187e-15,4.071841353967e-08,8.023738282240e-01,-9.562324554505e-01
558.0,2.800023250233e+00,7.971806384709e-05,1.865976271279e-02,1.190016124248e-07,3.570048372744e-08,3.000000000000e-10,1.185626209496e-18,1.656778800000e-15,1.657964426209e-15,4.071810931526e-08,7.687285192766e-01,-1.142270066181e+00
560.0,2.810023333567e+00,7.915168506336e-05,1.839537508570e-02,1.164819948325e-07,3.494459844974e-08,3.000000000000e-10,1.161404974898e-18,1.656778800000e-15,1.657940204975e-15,4.071781188835e-08,7.365313641283e-01,-1.328087546220e+00
562.0,2.820023416901e+00,7.859132089650e-05,1.813473353075e-02,1.140186129830e-07,3.420558389491e-08,3.000000000000e-10,1.137724337859e-18,1.656778800000e-15,1.657916524338e-15,4.071752109765e-08,7.057182629017e-01,-1.513686435482e+00
564.0,2.830023500235e+00,7.803688648464e-05,1.787778497037e-02,1.116101341063e-07,3.348304023190e-08,3.000000000000e-10,1.114571486381e-18,1.656778800000e-15,1.657893371486e-15,4.071723678599e-08,6.762280388190e-01,-1.699068258034e+00
566.0,2.840023583569e+00,7.748829845730e-05,1.762447707901e-02,1.092552592042e-07,3.277657776125e-08,3.000000000000e-10,1.091933933115e-18,1.656778800000e-15,1.657870733933e-15,4.071695880015e-08,6.480023006322e-01,-1.884234522311e+00
568.0,2.850023666903e+00,7.694547490410e-05,1.737475827254e-02,1.069527221299e-07,3.208581663898e-08,3.000000000000e-10,1.069799506520e-18,1.656778800000e-15,1.657848599507e-15,4.071668699080e-08,6.209853117449e-01,-2.069186721319e+00
570.0,2.860023750238e+00,7.640833534412e-05,1.712857769770e-02,1.047012886955e-07,3.141038660864e-08,3.000000000000e-10,1.048156342269e-18,1.656778800000e-15,1.657826956342e-15,4.071642121236e-08,5.951238656906e-01,-2.253926332844e+00
572.0,2.870023833572e+00,7.587680069612e-05,1.688588522177e-02,1.024997558040e-07,3.074992674119e-08,3.000000000000e-10,1.026992874923e-18,1.656778800000e-15,1.657805792875e-15,4.071616132293e-08,5.703671676458e-01,-2.438454819652e+00
574.0,2.880023916906e+00,7.535079324940e-05,1.664663142236e-02,1.003469506084e-07,3.010408518252e-08,3.000000000000e-10,1.006297829832e-18,1.656778800000e-15,1.657785097830e-15,4.071590718417e-08,5.466667216775e-01,-2.622773629691e+00
576.0,2.890024000240e+00,7.483023663542e-05,1.641076757732e-02,9.824172969440e-08,2.947251890832e-08,3.000000000000e-10,9.860602152847e-19,1.656778800000e-15,1.657764860215e-15,4.071565866120e-08,5.239762234365e-01,-2.806884196282e+00
578.0,2.900024083574e+00,7.431505580004e-05,1.617824565487e-02,9.618297828707e-08,2.885489348612e-08,3.000000000000e-10,9.662693148844e-19,1.656778800000e-15,1.657745069315e-15,4.071541562252e-08,5.022514580239e-01,-2.990787938314e+00
580.0,2.910024166908e+00,7.380517697653e-05,1.594901830375e-02,9.416960948078e-08,2.825088284424e-08,3.000000000000e-10,9.469146801421e-19,1.656778800000e-15,1.657725714680e-15,4.071517793993e-08,4.814502027754e-01,-3.174486260436e+00
582.0,2.920024250243e+00,7.330052765908e-05,1.572303884363e-02,9.220056349135e-08,2.766016904741e-08,3.000000000000e-10,9.279861232889e-19,1.656778800000e-15,1.657706786123e-15,4.071494548840e-08,4.615321347150e-01,-3.357980553238e+00
584.0,2.930024333577e+00,7.280103657708e-05,1.550026125558e-02,9.027480692977e-08,2.708244207893e-08,3.000000000000e-10,9.094737102944e-19,1.656778800000e-15,1.657688273710e-15,4.071471814603e-08,4.424587424492e-01,-3.541272193436e+00
586.0,2.940024416911e+00,7.230663366996e-05,1.528064017273e-02,8.839133209699e-08,2.651739962910e-08,3.000000000000e-10,8.913677540876e-19,1.656778800000e-15,1.657670167754e-15,4.071449579393e-08,4.241932422793e-01,-3.724362544055e+00
588.0,2.950024500245e+00,7.181725006258e-05,1.506413087099e-02,8.654915629896e-08,2.596474688969e-08,3.000000000000e-10,8.736588079716e-19,1.656778800000e-15,1.657652458808e-15,4.071427831619e-08,4.067004983242e-01,-3.907252954604e+00
590.0,2.960024583579e+00,7.133281804126e-05,1.485068925994e-02,8.474732118131e-08,2.542419635439e-08,3.000000000000e-10,8.563376592287e-19,1.656778800000e-15,1.657635137659e-15,4.071406559973e-08,3.899469464550e-01,-4.089944761252e+00
592.0,2.970024666913e+00,7.085327103037e-05,1.464027187390e-02,8.298489208317e-08,2.489546762495e-08,3.000000000000e-10,8.393953229080e-19,1.656778800000e-15,1.657618195323e-15,4.071385753430e-08,3.739005218534e-01,-4.272439287000e+00
594.0,2.980024750248e+00,7.037854356945e-05,1.443283586304e-02,8.126095740939e-08,2.437828722282e-08,3.000000000000e-10,8.228230357908e-19,1.656778800000e-15,1.657601623036e-15,4.071365401233e-08,3.585305900158e-01,-4.454737841850e+00
596.0,2.990024833582e+00,6.990857129084e-05,1.422833898466e-02,7.957462802073e-08,2.387238840622e-08,3.000000000000e-10,8.066122505283e-19,1.656778800000e-15,1.657585412251e-15,4.071345492894e-08,3.438078810332e-01,-4.636841722970e+00
598.0,3.000024916916e+00,6.944329089790e-05,1.402673959459e-02,7.792503664131e-08,2.337751099239e-08,3.000000000000e-10,7.907546299458e-19,1.656778800000e-15,1.657569554630e-15,4.071326018179e-08,3.297044269865e-01,-4.818752214862e+00
600.0,3.010025000250e+00,6.898264014368e-05,1.382799663873e-02,7.631133728299e-08,2.289340118490e-08,3.000000000000e-10,7.752420415086e-19,1.656778800000e-15,1.657554042042e-15,4.071306967107e-08,3.161935023048e-01,-5.000470589520e+00
602.0,3.020025083584e+00,6.852655781009e-05,1.363206964464e-02,7.473270468595e-08,2.241981140578e-08,3.000000000000e-10,7.600665519447e-19,1.656778800000e-15,1.657538866552e-15,4.071288329942e-08,3.032495669417e-01,-5.181998106591e+00
604.0,3.030025166918e+00,6.807498368758e-05,1.343891871334e-02,7.318833377516e-08,2.195650013255e-08,3.000000000000e-10,7.452204220197e-19,1.656778800000e-15,1.657524020422e-15,4.071270097183e-08,2.908482122315e-01,-5.363336013529e+00
606.0,3.040025250253e+00,6.762785855525e-05,1.324850451119e-02,7.167743913210e-08,2.150323173963e-08,3.000000000000e-10,7.306961014585e-19,1.656778800000e-15,1.657509496101e-15,4.071252259565e-08,2.789661092958e-01,-5.544485545753e+00
608.0,3.050025333587e+00,6.718512416145e-05,1.306078826184e-02,7.019925448143e-08,2.105977634443e-08,3.000000000000e-10,7.164862240102e-19,1.656778800000e-15,1.657495286224e-15,4.071234808045e-08,2.675809598757e-01,-5.725447926796e+00
610.0,3.060025416921e+00,6.674672320478e-05,1.287573173836e-02,6.875303219194e-08,2.062590965758e-08,3.000000000000e-10,7.025836026515e-19,1.656778800000e-15,1.657481383603e-15,4.071217733802e-08,2.566714494724e-01,-5.906224368455e+00
612.0,3.070025500255e+00,6.631259931558e-05,1.269329725547e-02,6.733804279162e-08,2.020141283749e-08,3.000000000000e-10,6.889812249242e-19,1.656778800000e-15,1.657467781225e-15,4.071201028229e-08,2.462172026831e-01,-6.086816070938e+00
614.0,3.080025583589e+00,6.588269703778e-05,1.251344766182e-02,6.595357449617e-08,1.978607234885e-08,3.000000000000e-10,6.756722484032e-19,1.656778800000e-15,1.657454472248e-15,4.071184682925e-08,2.361987406284e-01,-6.267224223009e+00
616.0,3.090025666923e+00,6.545696181123e-05,1.233614633249e-02,6.459893275067e-08,1.937967982520e-08,3.000000000000e-10,6.626499962908e-19,1.656778800000e-15,1.657441449996e-15,4.071168689696e-08,2.265974403670e-01,-6.447450002130e+00
618.0,3.100025750258e+00,6.503533995432e-05,1.216135716145e-02,6.327343978407e-08,1.898203193522e-08,3.000000000000e-10,6.499079531330e-19,1.656778800000e-15,1.657428707953e-15,4.071153040544e-08,2.173954962049e-01,-6.627494574605e+00
620.0,3.110025833592e+00,6.461777864714e-05,1.198904455428e-02,6.197643417595e-08,1.859293025278e-08,3.000000000000e-10,6.374397606561e-19,1.656778800000e-15,1.657416239761e-15,4.071137727664e-08,2.085758828059e-01,-6.807359095712e+00
622.0,3.120025916926e+00,6.420422591486e-05,1.181917342089e-02,6.070727043535e-08,1.821218113061e-08,3.000000000000e-10,6.252392137166e-19,1.656778800000e-15,1.657404039214e-15,4.071122743438e-08,2.001223200176e-01,-6.987044709845e+00
624.0,3.130026000260e+00,6.379463061162e-05,1.165170916837e-02,5.946531859121e-08,1.783959557736e-08,3.000000000000e-10,6.133002563652e-19,1.656778800000e-15,1.657392100256e-15,4.071108080433e-08,1.920192393306e-01,-7.166552550645e+00
626.0,3.140026083594e+00,6.338894240466e-05,1.148661769395e-02,5.824996379408e-08,1.747498913822e-08,3.000000000000e-10,6.016169780173e-19,1.656778800000e-15,1.657380416978e-15,4.071093731392e-08,1.842517518928e-01,-7.345883741134e+00
628.0,3.150026166928e+00,6.298711175890e-05,1.132386537806e-02,5.706060592884e-08,1.711818177865e-08,3.000000000000e-10,5.901836097304e-19,1.656778800000e-15,1.657368983610e-15,4.071079689234e-08,1.768056180035e-01,-7.525039393842e+00
630.0,3.160026250263e+00,6.258908992179e-05,1.116341907749e-02,5.589665923803e-08,1.676899777141e-08,3.000000000000e-10,5.789945205830e-19,1.656778800000e-15,1.657357794521e-15,4.071065947047e-08,1.696672180185e-01,-7.704020610942e+00
632.0,3.170026333597e+00,6.219482890854e-05,1.100524611861e-02,5.475755195548e-08,1.642726558664e-08,3.000000000000e-10,5.680442141527e-19,1.656778800000e-15,1.657346844214e-15,4.071052498082e-08,1.628235245967e-01,-7.882828484367e+00
634.0,3.180026416931e+00,6.180428148765e-05,1.084931429077e-02,5.364272594999e-08,1.609281778500e-08,3.000000000000e-10,5.573273250908e-19,1.656778800000e-15,1.657336127325e-15,4.071039335753e-08,1.562620762266e-01,-8.061464095942e+00
636.0,3.190026500265e+00,6.141740116675e-05,1.069559183968e-02,5.255163637870e-08,1.576549091361e-08,3.000000000000e-10,5.468386157905e-19,1.656778800000e-15,1.657325638616e-15,4.071026453630e-08,1.499709519698e-01,-8.239928517504e+00
638.0,3.200026583599e+00,6.103414217881e-05,1.054404746099e-02,5.148375134994e-08,1.544512540498e-08,3.000000000000e-10,5.365729731452e-19,1.656778800000e-15,1.657315372973e-15,4.071013845436e-08,1.439387473657e-01,-8.418222811021e+00
640.0,3.210026666933e+00,6.065445946852e-05,1.039465029388e-02,5.043855159519e-08,1.513156547856e-08,3.000000000000e-10,5.265254053957e-19,1.656778800000e-15,1.657305325405e-15,4.071001505042e-08,1.381545514408e-01,-8.596348028715e+00
642.0,3.220026750268e+00,6.027830867914e-05,1.024736991482e-02,4.941553014997e-08,1.482465904499e-08,3.000000000000e-10,5.166910390620e-19,1.656778800000e-15,1.657295491039e-15,4.070989426465e-08,1.326079247717e-01,-8.774305213175e+00
644.0,3.230026833602e+00,5.990564613949e-05,1.010217633131e-02,4.841419204335e-08,1.452425761300e-08,3.000000000000e-10,5.070651159590e-19,1.656778800000e-15,1.657285865116e-15,4.070977603864e-08,1.272888785509e-01,-8.952095397474e+00
646.0,3.240026916936e+00,5.953642885127e-05,9.959039975831e-03,4.743405399584e-08,1.423021619875e-08,3.000000000000e-10,4.976429902922e-19,1.656778800000e-15,1.657276442990e-15,4.070966031534e-08,1.221878546091e-01,-9.129719605286e+00
648.0,3.250027000270e+00,5.917061447670e-05,9.817931699811e-03,4.647464412545e-08,1.394239323764e-08,3.000000000000e-10,4.884201258316e-19,1.656778800000e-15,1.657267220126e-15,4.070954703906e-08,1.172957063485e-01,-9.307178850992e+00
650.0,3.260027083604e+00,5.880816132634e-05,9.678822767665e-03,4.553550166159e-08,1.366065049848e-08,3.000000000000e-10,4.793920931621e-19,1.656778800000e-15,1.657258192093e-15,4.070943615543e-08,1.126036805441e-01,-9.484474139795e+00
652.0,3.270027166938e+00,5.844902834723e-05,9.541684850962e-03,4.461617666674e-08,1.338485300002e-08,3.000000000000e-10,4.705545670072e-19,1.656778800000e-15,1.657249354567e-15,4.070932761134e-08,1.081033999733e-01,-9.661606467830e+00
654.0,3.280027250273e+00,5.809317511126e-05,9.406490022654e-03,4.371622976547e-08,1.311486892964e-08,3.000000000000e-10,4.619033236249e-19,1.656778800000e-15,1.657240703324e-15,4.070922135492e-08,1.037868468332e-01,-9.838576822264e+00
656.0,3.290027333607e+00,5.774056180380e-05,9.273210751387e-03,4.283523188081e-08,1.285056956424e-08,3.000000000000e-10,4.534342382724e-19,1.656778800000e-15,1.657232234238e-15,4.070911733553e-08,9.964634691127e-02,-1.001538618141e+01
658.0,3.300027416941e+00,5.739114921254e-05,9.141819895896e-03,4.197276397756e-08,1.259182919327e-08,3.000000000000e-10,4.451432827395e-19,1.656778800000e-15,1.657223943283e-15,4.070901550373e-08,9.567455447112e-02,-1.019203551483e+01
660.0,3.310027500275e+00,5.704489871662e-05,9.012290699475e-03,4.112841681250e-08,1.233852504375e-08,3.000000000000e-10,4.370265229464e-19,1.656778800000e-15,1.657215826523e-15,4.070891581119e-08,9.186443782322e-02,-1.036852578343e+01
662.0,3.320027583609e+00,5.670177227595e-05,8.884596784531e-03,4.030179069121e-08,1.209053720736e-08,3.000000000000e-10,4.290801166069e-19,1.656778800000e-15,1.657207880117e-15,4.070881821076e-08,8.820926554629e-02,-1.054485793958e+01
664.0,3.330027666943e+00,5.636173242073e-05,8.758712147213e-03,3.949249523131e-08,1.184774856939e-08,3.000000000000e-10,4.213003109518e-19,1.656778800000e-15,1.657200100311e-15,4.070872265634e-08,8.470259333028e-02,-1.072103292718e+01
666.0,3.340027750278e+00,5.602474224125e-05,8.634611152112e-03,3.870014913204e-08,1.161004473961e-08,3.000000000000e-10,4.136834405140e-19,1.656778800000e-15,1.657192483441e-15,4.070862910294e-08,8.133825141179e-02,-1.089705168179e+01
668.0,3.350027833612e+00,5.569076537790e-05,8.512268527046e-03,3.792437994987e-08,1.137731398496e-08,3.000000000000e-10,4.062259249717e-19,1.656778800000e-15,1.657185025925e-15,4.070853750658e-08,7.811033257445e-02,-1.107291513072e+01
670.0,3.360027916946e+00,5.535976601128e-05,8.391659357911e-03,3.716482388002e-08,1.114944716401e-08,3.000000000000e-10,3.989242670478e-19,1.656778800000e-15,1.657177724267e-15,4.070844782434e-08,7.501318068825e-02,-1.124862419312e+01
672.0,3.370028000280e+00,5.503170885267e-05,8.272759083606e-03,3.642112554378e-08,1.092633766314e-08,3.000000000000e-10,3.917750504654e-19,1.656778800000e-15,1.657170575050e-15,4.070836001426e-08,7.204137976274e-02,-1.142417978007e+01
674.0,3.380028083614e+00,5.470655913461e-05,8.155543491034e-03,3.569293778137e-08,1.070788133441e-08,3.000000000000e-10,3.847749379568e-19,1.656778800000e-15,1.657163574938e-15,4.070827403536e-08,6.918974349055e-02,-1.159958279468e+01
676.0,3.390028166948e+00,5.438428260166e-05,8.039988710170e-03,3.497992145024e-08,1.049397643507e-08,3.000000000000e-10,3.779206693244e-19,1.656778800000e-15,1.657156720669e-15,4.070818984761e-08,6.645330525853e-02,-1.177483413219e+01
678.0,3.400028250283e+00,5.406484550140e-05,7.926071209199e-03,3.428174522868e-08,1.028452356860e-08,3.000000000000e-10,3.712090595527e-19,1.656778800000e-15,1.657150009060e-15,4.070810741191e-08,6.382730860507e-02,-1.194993468003e+01
680.0,3.410028333617e+00,5.374821457558e-05,7.813767789727e-03,3.359808542448e-08,1.007942562735e-08,3.000000000000e-10,3.646369969695e-19,1.656778800000e-15,1.657143436997e-15,4.070802669004e-08,6.130719810307e-02,-1.212488531796e+01
682.0,3.420028416951e+00,5.343435705149e-05,7.703055582054e-03,3.292862578872e-08,9.878587736615e-09,3.000000000000e-10,3.582014414545e-19,1.656778800000e-15,1.657137001441e-15,4.070794764467e-08,5.888861064903e-02,-1.229968691810e+01
684.0,3.430028500285e+00,5.312324063343e-05,7.593912040518e-03,3.227305733420e-08,9.681917200260e-09,3.000000000000e-10,3.518994226956e-19,1.656778800000e-15,1.657130699423e-15,4.070787023934e-08,5.656736713969e-02,-1.247434034505e+01
686.0,3.440028583619e+00,5.281483349445e-05,7.486314938901e-03,3.163107815881e-08,9.489323447642e-09,3.000000000000e-10,3.457280384896e-19,1.656778800000e-15,1.657124528038e-15,4.070779443839e-08,5.433946451843e-02,-1.264884645599e+01
688.0,3.450028666953e+00,5.250910426819e-05,7.380242365908e-03,3.100239327328e-08,9.300717981984e-09,3.000000000000e-10,3.396844530872e-19,1.656778800000e-15,1.657118484453e-15,4.070772020702e-08,5.220106817465e-02,-1.282320610070e+01
690.0,3.460028750288e+00,5.220602204090e-05,7.275672720703e-03,3.038671443355e-08,9.116014330066e-09,3.000000000000e-10,3.337658955808e-19,1.656778800000e-15,1.657112565896e-15,4.070764751119e-08,5.014850467992e-02,-1.299742012174e+01
692.0,3.470028833622e+00,5.190555634364e-05,7.172584708505e-03,2.978375997735e-08,8.935127993204e-09,3.000000000000e-10,3.279696583342e-19,1.656778800000e-15,1.657106769658e-15,4.070757631766e-08,4.817825484559e-02,-1.317148935443e+01
694.0,3.480028916956e+00,5.160767714459e-05,7.070957336261e-03,2.919325466503e-08,8.757976399510e-09,3.000000000000e-10,3.222930954524e-19,1.656778800000e-15,1.657101093095e-15,4.070750659394e-08,4.628694708728e-02,-1.334541462701e+01
696.0,3.490029000290e+00,5.131235484159e-05,6.970769908361e-03,2.861492952455e-08,8.584478857366e-09,3.000000000000e-10,3.167336212908e-19,1.656778800000e-15,1.657095533621e-15,4.070743830827e-08,4.447135108229e-02,-1.351919676068e+01
698.0,3.500029083624e+00,5.101956025476e-05,6.872002022431e-03,2.804852170034e-08,8.414556510103e-09,3.000000000000e-10,3.112887090032e-19,1.656778800000e-15,1.657090088709e-15,4.070737142962e-08,4.272837170662e-02,-1.369283656968e+01
700.0,3.510029166958e+00,5.072926461928e-05,6.774633565176e-03,2.749377430612e-08,8.248132291836e-09,3.000000000000e-10,3.059558891264e-19,1.656778800000e-15,1.657084755889e-15,4.070730592767e-08,4.105504323894e-02,-1.386633486137e+01
702.0,3.520029250293e+00,5.044143957836e-05,6.678644708281e-03,2.695043628145e-08,8.085130884435e-09,3.000000000000e-10,3.007327482015e-19,1.656778800000e-15,1.657079532748e-15,4.070724177279e-08,3.944852381951e-02,-1.403969243634e+01
704.0,3.530029333627e+00,5.015605717628e-05,6.584015904378e-03,2.641826225196e-08,7.925478675589e-09,3.000000000000e-10,2.956169274299e-19,1.656778800000e-15,1.657074416927e-15,4.070717893600e-08,3.790609015235e-02,-1.421291008843e+01
706.0,3.540029416961e+00,4.987308985162e-05,6.490727883062e-03,2.589701239315e-08,7.769103717944e-09,3.000000000000e-10,2.906061213643e-19,1.656778800000e-15,1.657069406121e-15,4.070711738899e-08,3.642513243996e-02,-1.438598860482e+01
708.0,3.550029500295e+00,4.959251043060e-05,6.398761646967e-03,2.538645229761e-08,7.615935689284e-09,3.000000000000e-10,2.856980766323e-19,1.656778800000e-15,1.657064498077e-15,4.070705710410e-08,3.500314953982e-02,-1.455892876615e+01
710.0,3.560029583629e+00,4.931429212057e-05,6.308098467900e-03,2.488635284571e-08,7.465905853712e-09,3.000000000000e-10,2.808905906932e-19,1.656778800000e-15,1.657059690591e-15,4.070699805427e-08,3.363774433293e-02,-1.473173134652e+01
712.0,3.570029666963e+00,4.903840850358e-05,6.218719883023e-03,2.439649007944e-08,7.318947023833e-09,3.000000000000e-10,2.761815106254e-19,1.656778800000e-15,1.657054981511e-15,4.070694021307e-08,3.232661929470e-02,-1.490439711362e+01
714.0,3.580029750298e+00,4.876483353015e-05,6.130607691098e-03,2.391664507960e-08,7.174993523881e-09,3.000000000000e-10,2.715687319453e-19,1.656778800000e-15,1.657050368732e-15,4.070688355465e-08,3.106757225921e-02,-1.507692682877e+01
716.0,3.590029833632e+00,4.849354151308e-05,6.043743948775e-03,2.344660384595e-08,7.033981153784e-09,3.000000000000e-10,2.670501974558e-19,1.656778800000e-15,1.657045850197e-15,4.070682805375e-08,2.985849236815e-02,-1.524932124700e+01
718.0,3.600029916966e+00,4.822450712146e-05,5.958110966943e-03,2.298615718046e-08,6.895847154139e-09,3.000000000000e-10,2.626238961239e-19,1.656778800000e-15,1.657041423896e-15,4.070677368567e-08,2.869735619610e-02,-1.542158111710e+01
720.0,3.610030000300e+00,4.795770537473e-05,5.873691307124e-03,2.253510057353e-08,6.760530172059e-09,3.000000000000e-10,2.582878619865e-19,1.656778800000e-15,1.657037087862e-15,4.070672042626e-08,2.758222404442e-02,-1.559370718172e+01
722.0,3.620030083634e+00,4.769311163688e-05,5.790467777925e-03,2.209323409298e-08,6.627970227895e-09,3.000000000000e-10,2.540401730836e-19,1.656778800000e-15,1.657032840173e-15,4.070666825193e-08,2.651123639606e-02,-1.576570017742e+01
724.0,3.630030166968e+00,4.743070161077e-05,5.708423431535e-03,2.166036227593e-08,6.498108682778e-09,3.000000000000e-10,2.498789504188e-19,1.656778800000e-15,1.657028678950e-15,4.070661713961e-08,2.548261052424e-02,-1.593756083472e+01
726.0,3.640030250303e+00,4.717045133258e-05,5.627541560273e-03,2.123629402327e-08,6.370888206982e-09,3.000000000000e-10,2.458023569451e-19,1.656778800000e-15,1.657024602357e-15,4.070656706671e-08,2.449463724807e-02,-1.610928987819e+01
728.0,3.650030333637e+00,4.691233716628e-05,5.547805693189e-03,2.082084249695e-08,6.246252749085e-09,3.000000000000e-10,2.418085965768e-19,1.656778800000e-15,1.657020608597e-15,4.070651801121e-08,2.354567782865e-02,-1.628088802651e+01
730.0,3.660030416971e+00,4.665633579831e-05,5.469199592705e-03,2.041382501962e-08,6.124147505885e-09,3.000000000000e-10,2.378959132260e-19,1.656778800000e-15,1.657016695913e-15,4.070646995151e-08,2.263416099931e-02,-1.645235599252e+01
732.0,3.670030500305e+00,4.640242423229e-05,5.391707251314e-03,2.001506297694e-08,6.004518893082e-09,3.000000000000e-10,2.340625898622e-19,1.656778800000e-15,1.657012862590e-15,4.070642286654e-08,2.175858012413e-02,-1.662369448329e+01
734.0,3.680030583639e+00,4.615057978387e-05,5.315312888315e-03,1.962438172227e-08,5.887314516682e-09,3.000000000000e-10,2.303069475967e-19,1.656778800000e-15,1.657009106948e-15,4.070637673569e-08,2.091749047909e-02,-1.679490420018e+01
736.0,3.690030666973e+00,4.590078007568e-05,5.240000946602e-03,1.924161048370e-08,5.772483145111e-09,3.000000000000e-10,2.266273447891e-19,1.656778800000e-15,1.657005427345e-15,4.070633153878e-08,2.010950665019e-02,-1.696598583890e+01
738.0,3.700030750308e+00,4.565300303229e-05,5.165756089496e-03,1.886658227343e-08,5.659974682028e-09,3.000000000000e-10,2.230221761755e-19,1.656778800000e-15,1.657001822176e-15,4.070628725610e-08,1.933330004377e-02,-1.713694008958e+01
740.0,3.710030833642e+00,4.540722687544e-05,5.092563197621e-03,1.849913379935e-08,5.549740139805e-09,3.000000000000e-10,2.194898720194e-19,1.656778800000e-15,1.656998289872e-15,4.070624386838e-08,1.858759650364e-02,-1.730776763681e+01
742.0,3.720030916976e+00,4.516343011914e-05,5.020407365826e-03,1.813910537889e-08,5.441731613666e-09,3.000000000000e-10,2.160288972823e-19,1.656778800000e-15,1.656994828897e-15,4.070620135676e-08,1.787117403069e-02,-1.747846915972e+01
744.0,3.730031000310e+00,4.492159156507e-05,4.949273900147e-03,1.778634085489e-08,5.335902256466e-09,3.000000000000e-10,2.126377508164e-19,1.656778800000e-15,1.656991437751e-15,4.070615970281e-08,1.718286060018e-02,-1.764904533202e+01
746.0,3.740031083644e+00,4.468169029791e-05,4.879148314820e-03,1.744068751363e-08,5.232206254089e-09,3.000000000000e-10,2.093149645754e-19,1.656778800000e-15,1.656988114965e-15,4.070611888850e-08,1.652153207261e-02,-1.781949682208e+01
748.0,3.750031166978e+00,4.444370568083e-05,4.810016329326e-03,1.710199600485e-08,5.130598801454e-09,3.000000000000e-10,2.060591028463e-19,1.656778800000e-15,1.656984859103e-15,4.070607889619e-08,1.588611019399e-02,-1.798982429293e+01
750.0,3.760031250313e+00,4.420761735110e-05,4.741863865483e-03,1.677012026370e-08,5.031036079111e-09,3.000000000000e-10,2.028687614992e-19,1.656778800000e-15,1.656981668761e-15,4.070603970864e-08,1.527556068151e-02,-1.816002840240e+01
752.0,3.770031333647e+00,4.397340521564e-05,4.674677044585e-03,1.644491743470e-08,4.933475230410e-09,3.000000000000e-10,1.997425672556e-19,1.656778800000e-15,1.656978542567e-15,4.070600130899e-08,1.468889139105e-02,-1.833010980310e+01
754.0,3.780031416981e+00,4.374104944684e-05,4.608442184567e-03,1.612624779744e-08,4.837874339233e-09,3.000000000000e-10,1.966791769750e-19,1.656778800000e-15,1.656975479177e-15,4.070596368073e-08,1.412515056278e-02,-1.850006914253e+01
756.0,3.790031500315e+00,4.351053047832e-05,4.543145797226e-03,1.581397469421e-08,4.744192408263e-09,3.000000000000e-10,1.936772769584e-19,1.656778800000e-15,1.656972477277e-15,4.070592680774e-08,1.358342514150e-02,-1.866990706308e+01
758.0,3.800031583649e+00,4.328182900078e-05,4.478774585472e-03,1.550796445931e-08,4.652389337794e-09,3.000000000000e-10,1.907355822697e-19,1.656778800000e-15,1.656969535582e-15,4.070589067423e-08,1.306283916850e-02,-1.883962420212e+01
760.0,3.810031666983e+00,4.305492595803e-05,4.415315440617e-03,1.520808635017e-08,4.562425905051e-09,3.000000000000e-10,1.878528360726e-19,1.656778800000e-15,1.656966652836e-15,4.070585526477e-08,1.256255224174e-02,-1.900922119205e+01
762.0,3.820031750318e+00,4.282980254295e-05,4.352755439712e-03,1.491421248005e-08,4.474263744014e-09,3.000000000000e-10,1.850278089843e-19,1.656778800000e-15,1.656963827809e-15,4.070582056425e-08,1.208175804144e-02,-1.917869866034e+01
764.0,3.830031833652e+00,4.260644019364e-05,4.291081842907e-03,1.462621775247e-08,4.387865325740e-09,3.000000000000e-10,1.822592984448e-19,1.656778800000e-15,1.656961059298e-15,4.070578655791e-08,1.161968291819e-02,-1.934805722958e+01
766.0,3.840031916986e+00,4.238482058958e-05,4.230282090864e-03,1.434397979717e-08,4.303193939150e-09,3.000000000000e-10,1.795461281015e-19,1.656778800000e-15,1.656958346128e-15,4.070575323131e-08,1.117558454092e-02,-1.951729751752e+01
768.0,3.850032000320e+00,4.216492564785e-05,4.170343802197e-03,1.406737890765e-08,4.220213672294e-09,3.000000000000e-10,1.768871472087e-19,1.656778800000e-15,1.656955687147e-15,4.070572057030e-08,1.074875060207e-02,-1.968642013717e+01
770.0,3.860032083654e+00,4.194673751947e-05,4.111254770948e-03,1.379629798021e-08,4.138889394063e-09,3.000000000000e-10,1.742812300416e-19,1.656778800000e-15,1.656953081230e-15,4.070568856106e-08,1.033849757748e-02,-1.985542569677e+01
772.0,3.870032166988e+00,4.173023858578e-05,4.053002964106e-03,1.353062245448e-08,4.059186736345e-09,3.000000000000e-10,1.717272753243e-19,1.656778800000e-15,1.656950527275e-15,4.070565719007e-08,9.944169538731e-03,-2.002431479991e+01
774.0,3.880032250323e+00,4.151541145486e-05,3.995576519152e-03,1.327024025536e-08,3.981072076607e-09,3.000000000000e-10,1.692242056722e-19,1.656778800000e-15,1.656948024206e-15,4.070562644409e-08,9.565137015530e-03,-2.019308804553e+01
776.0,3.890032333657e+00,4.130223895805e-05,3.938963741646e-03,1.301504173636e-08,3.904512520909e-09,3.000000000000e-10,1.667709670472e-19,1.656778800000e-15,1.656945570967e-15,4.070559631018e-08,9.200795906069e-03,-2.036174602800e+01
778.0,3.900032416991e+00,4.109070414651e-05,3.883153102845e-03,1.276491962437e-08,3.829475887311e-09,3.000000000000e-10,1.643665282263e-19,1.656778800000e-15,1.656943166528e-15,4.070556677567e-08,8.850566433260e-03,-2.053028933713e+01
780.0,3.910032500325e+00,4.088079028788e-05,3.828133237357e-03,1.251976896564e-08,3.755930689691e-09,3.000000000000e-10,1.620098802829e-19,1.656778800000e-15,1.656940809880e-15,4.070553782817e-08,8.513892144873e-03,-2.069871855825e+01
782.0,3.920032583659e+00,4.067248086293e-05,3.773892940822e-03,1.227948707314e-08,3.683846121943e-09,3.000000000000e-10,1.597000360806e-19,1.656778800000e-15,1.656938500036e-15,4.070550945555e-08,8.190238955677e-03,-2.086703427224e+01
784.0,3.930032666993e+00,4.046575956235e-05,3.720421167633e-03,1.204397347521e-08,3.613192042563e-09,3.000000000000e-10,1.574360297790e-19,1.656778800000e-15,1.656936236030e-15,4.070548164596e-08,7.879094229793e-03,-2.103523705558e+01
786.0,3.940032750328e+00,4.026061028352e-05,3.667707028689e-03,1.181312986529e-08,3.543938959588e-09,3.000000000000e-10,1.552169163515e-19,1.656778800000e-15,1.656934016916e-15,4.070545438779e-08,7.579965901516e-03,-2.120332748038e+01
788.0,3.950032833662e+00,4.005701712740e-05,3.615739789174e-03,1.158686005305e-08,3.476058015916e-09,3.000000000000e-10,1.530417711146e-19,1.656778800000e-15,1.656931841771e-15,4.070542766967e-08,7.292381632970e-03,-2.137130611444e+01
790.0,3.960032916996e+00,3.985496439545e-05,3.564508866372e-03,1.136506991652e-08,3.409520974956e-09,3.000000000000e-10,1.509096892682e-19,1.656778800000e-15,1.656929709689e-15,4.070540148051e-08,7.015888007010e-03,-2.153917352129e+01
792.0,3.970033000330e+00,3.965443658658e-05,3.514003827511e-03,1.114766735544e-08,3.344300206633e-09,3.000000000000e-10,1.488197854470e-19,1.656778800000e-15,1.656927619785e-15,4.070537580941e-08,6.750049753854e-03,-2.170693026022e+01
794.0,3.980033083664e+00,3.945541839420e-05,3.464214387643e-03,1.093456224573e-08,3.280368673720e-09,3.000000000000e-10,1.467711932828e-19,1.656778800000e-15,1.656925571193e-15,4.070535064575e-08,6.494449010025e-03,-2.187457688633e+01
796.0,3.990033166998e+00,3.925789470329e-05,3.415130407541e-03,1.072566639498e-08,3.217699918494e-09,3.000000000000e-10,1.447630649767e-19,1.656778800000e-15,1.656923563065e-15,4.070532597910e-08,6.248684608195e-03,-2.204211395060e+01
798.0,4.000033250333e+00,3.906185058754e-05,3.366741891644e-03,1.052089349906e-08,3.156268049717e-09,3.000000000000e-10,1.427945708819e-19,1.656778800000e-15,1.656921594571e-15,4.070530179929e-08,6.012371396635e-03,-2.220954199987e+01
800.0,4.010033333667e+00,3.886727130650e-05,3.319038986014e-03,1.032015909970e-08,3.096047729910e-09,3.000000000000e-10,1.408648990962e-19,1.656778800000e-15,1.656919664899e-15,4.070527809632e-08,5.785139586998e-03,-2.237686157692e+01
