distance_m,received_power_w,signal_current_a,snr_db,theoretical_ber
0.0,8.000000000000e-02,2.400000000000e-02,8.873536220136e+01,0.000000000000e+00
2.0,7.886649093597e-02,2.365994728079e-02,8.867325332666e+01,0.000000000000e+00
4.0,5.399179064392e-02,1.619753719317e-02,8.702324462468e+01,0.000000000000e+00
6.0,2.994002685934e-02,8.982008057801e-03,8.445140185129e+01,0.000000000000e+00
8.0,1.889010311358e-02,5.667030934075e-03,8.243670711218e+01,0.000000000000e+00
10.0,1.293225102708e-02,3.879675308125e-03,8.077305281116e+01,0.000000000000e+00
12.0,9.366620084793e-03,2.809986025438e-03,7.935045143794e+01,0.000000000000e+00
14.0,7.069706966790e-03,2.120912090037e-03,7.810321694819e+01,0.000000000000e+00
16.0,5.506793593585e-03,1.652038078076e-03,7.698895536270e+01,0.000000000000e+00
18.0,4.397301741910e-03,1.319190522573e-03,7.597870202812e+01,0.000000000000e+00
20.0,3.582641584975e-03,1.074792475492e-03,7.505178506956e+01,0.000000000000e+00
22.0,2.967759588882e-03,8.903278766647e-04,7.419293355873e+01,0.000000000000e+00
24.0,2.492912233604e-03,7.478736700813e-04,7.339054734839e+01,0.000000000000e+00
26.0,2.119044676662e-03,6.357134029986e-04,7.263561002668e+01,0.000000000000e+00
28.0,1.819768582565e-03,5.459305747694e-04,7.192097786761e+01,0.000000000000e+00
30.0,1.576744106570e-03,4.730232319710e-04,7.124089873703e+01,0.000000000000e+00
32.0,1.376910916756e-03,4.130732750268e-04,7.059067706789e+01,0.000000000000e+00
34.0,1.210768693510e-03,3.632306080529e-04,6.996643466721e+01,0.000000000000e+00
36.0,1.071276309784e-03,3.213828929352e-04,6.936493617382e+01,0.000000000000e+00
38.0,9.531279900260e-04,2.859383970078e-04,6.878345920566e+01,0.000000000000e+00
40.0,8.522659524181e-04,2.556797857254e-04,6.821969606767e+01,0.000000000000e+00
42.0,7.655452779107e-04,2.296635833732e-04,6.767167817619e+01,0.000000000000e+00
44.0,6.904990544105e-04,2.071497163231e-04,6.713771711571e+01,0.000000000000e+00
46.0,6.251709575356e-04,1.875512872607e-04,6.661635806245e+01,0.000000000000e+00
48.0,5.679940410585e-04,1.703982123175e-04,6.610634253319e+01,0.000000000000e+00
50.0,5.177017351865e-04,1.553105205560e-04,6.560657825801e+01,0.000000000000e+00
52.0,4.732616448511e-04,1.419784934553e-04,6.511611456091e+01,0.000000000000e+00
54.0,4.338257195222e-04,1.301477158567e-04,6.463412204764e+01,0.000000000000e+00
56.0,3.986923334690e-04,1.196077000407e-04,6.415987569810e+01,0.000000000000e+00
58.0,3.672771363039e-04,1.101831408912e-04,6.369274067756e+01,0.000000000000e+00
60.0,3.390904341829e-04,1.017271302549e-04,6.323216034067e+01,0.000000000000e+00
62.0,3.137194847250e-04,9.411584541749e-05,6.277764602085e+01,0.000000000000e+00
64.0,2.908145249793e-04,8.724435749378e-05,6.232876828655e+01,0.000000000000e+00
66.0,2.700776611707e-04,8.102329835120e-05,6.188514941366e+01,0.000000000000e+00
68.0,2.512539709069e-04,7.537619127207e-05,6.144645687423e+01,0.000000000000e+00
70.0,2.341243294500e-04,7.023729883501e-05,6.101239768178e+01,0.000000000000e+00
72.0,2.184995894974e-04,6.554987684921e-05,6.058271346354e+01,0.000000000000e+00
74.0,2.042158310255e-04,6.126474930766e-05,6.015717615412e+01,0.000000000000e+00
76.0,1.911304627140e-04,5.733913881421e-05,5.973558422361e+01,0.000000000000e+00
78.0,1.791190053117e-04,5.373570159351e-05,5.931775936813e+01,0.000000000000e+00
80.0,1.680724243345e-04,5.042172730034e-05,5.890354360209e+01,0.000000000000e+00
82.0,1.578949077500e-04,4.736847232500e-05,5.849279670152e+01,0.000000000000e+00
84.0,1.485020060419e-04,4.455060181256e-05,5.808539395472e+01,0.000000000000e+00
86.0,1.398190688730e-04,4.194572066190e-05,5.768122418322e+01,0.000000000000e+00
88.0,1.317799256741e-04,3.953397770224e-05,5.728018800083e+01,0.000000000000e+00
90.0,1.243257677566e-04,3.729773032698e-05,5.688219628281e+01,0.000000000000e+00
92.0,1.174041976459e-04,3.522125929378e-05,5.648716882081e+01,0.000000000000e+00
94.0,1.109684177494e-04,3.329052532483e-05,5.609503314221e+01,0.000000000000e+00
96.0,1.049765355840e-04,3.149296067521e-05,5.570572347477e+01,0.000000000000e+00
98.0,9.939096688435e-05,2.981729006531e-05,5.531917984026e+01,0.000000000000e+00
100.0,9.417792120422e-05,2.825337636127e-05,5.493534726181e+01,0.000000000000e+00
102.0,8.930695728649e-05,2.679208718595e-05,5.455417507230e+01,0.000000000000e+00
104.0,8.475059763721e-05,2.542517929116e-05,5.417561631170e+01,0.000000000000e+00
106.0,8.048399350082e-05,2.414519805025e-05,5.379962720322e+01,0.000000000000e+00
108.0,7.648463287526e-05,2.294538986258e-05,5.342616669886e+01,0.000000000000e+00
110.0,7.273208538979e-05,2.181962561694e-05,5.305519608614e+01,0.000000000000e+00
112.0,6.920777884560e-05,2.076233365368e-05,5.268667864867e+01,0.000000000000e+00
114.0,6.589480302753e-05,1.976844090826e-05,5.232057937396e+01,0.000000000000e+00
116.0,6.277773706673e-05,1.883332112002e-05,5.195686470274e+01,0.000000000000e+00
118.0,5.984249719375e-05,1.795274915813e-05,5.159550231451e+01,0.000000000000e+00
120.0,5.707620218923e-05,1.712286065677e-05,5.123646094486e+01,0.000000000000e+00
122.0,5.446705423161e-05,1.634011626948e-05,5.087971023033e+01,0.000000000000e+00
124.0,5.200423317128e-05,1.560126995138e-05,5.052522057740e+01,0.000000000000e+00
126.0,4.967780253890e-05,1.490334076167e-05,5.017296305229e+01,0.000000000000e+00
128.0,4.747862583086e-05,1.424358774926e-05,4.982290928880e+01,0.000000000000e+00
130.0,4.539829181473e-05,1.361948754442e-05,4.947503141176e+01,0.000000000000e+00
132.0,4.342904776723e-05,1.302871433017e-05,4.912930197387e+01,0.000000000000e+00
134.0,4.156373970195e-05,1.246912191059e-05,4.878569390408e+01,0.000000000000e+00
136.0,3.979575876793e-05,1.193872763038e-05,4.844418046575e+01,0.000000000000e+00
138.0,3.811899310595e-05,1.143569793179e-05,4.810473522318e+01,0.000000000000e+00
140.0,3.652778454069e-05,1.095833536221e-05,4.776733201536e+01,0.000000000000e+00
142.0,3.501688956482e-05,1.050506686945e-05,4.743194493553e+01,0.000000000000e+00
144.0,3.358144413913e-05,1.007443324174e-05,4.709854831587e+01,0.000000000000e+00
146.0,3.221693189055e-05,9.665079567164e-06,4.676711671644e+01,0.000000000000e+00
148.0,3.091915534118e-05,9.275746602354e-06,4.643762491743e+01,0.000000000000e+00
150.0,2.968420984461e-05,8.905262953383e-06,4.611004791441e+01,0.000000000000e+00
152.0,2.850845994449e-05,8.552537983346e-06,4.578436091581e+01,0.000000000000e+00
154.0,2.738851790316e-05,8.216555370947e-06,4.546053934228e+01,0.000000000000e+00
156.0,2.632122417746e-05,7.896367253238e-06,4.513855882756e+01,0.000000000000e+00
158.0,2.530362964383e-05,7.591088893148e-06,4.481839522036e+01,0.000000000000e+00
160.0,2.433297939728e-05,7.299893819184e-06,4.450002458727e+01,0.000000000000e+00
162.0,2.340669796824e-05,7.022009390472e-06,4.418342321610e+01,0.000000000000e+00
164.0,2.252237581820e-05,6.756712745460e-06,4.386856761979e+01,0.000000000000e+00
166.0,2.167775699040e-05,6.503327097121e-06,4.355543454046e+01,0.000000000000e+00
168.0,2.087072780488e-05,6.261218341465e-06,4.324400095362e+01,0.000000000000e+00
170.0,2.009930649899e-05,6.029791949698e-06,4.293424407240e+01,0.000000000000e+00
172.0,1.936163372485e-05,5.808490117456e-06,4.262614135165e+01,0.000000000000e+00
174.0,1.865596382438e-05,5.596789147313e-06,4.231967049189e+01,0.000000000000e+00
176.0,1.798065681059e-05,5.394197043177e-06,4.201480944305e+01,0.000000000000e+00
178.0,1.733417099128e-05,5.200251297383e-06,4.171153640795e+01,0.000000000000e+00
180.0,1.671505617729e-05,5.014516853187e-06,4.140982984544e+01,0.000000000000e+00
182.0,1.612194742368e-05,4.836584227103e-06,4.110966847329e+01,0.000000000000e+00
184.0,1.555355925679e-05,4.666067777038e-06,4.081103127069e+01,0.000000000000e+00
186.0,1.500868034520e-05,4.502604103559e-06,4.051389748042e+01,0.000000000000e+00
188.0,1.448616857609e-05,4.345850572826e-06,4.021824661071e+01,0.000000000000e+00
190.0,1.398494650275e-05,4.195483950826e-06,3.992405843666e+01,0.000000000000e+00
192.0,1.350399713177e-05,4.051199139532e-06,3.963131300146e+01,0.000000000000e+00
194.0,1.304236002151e-05,3.912708006453e-06,3.933999061713e+01,0.000000000000e+00
196.0,1.259912766623e-05,3.779738299869e-06,3.905007186504e+01,0.000000000000e+00
198.0,1.217344214239e-05,3.652032642717e-06,3.876153759607e+01,0.000000000000e+00
200.0,1.176449199586e-05,3.529347598758e-06,3.847436893052e+01,0.000000000000e+00
202.0,1.137150935066e-05,3.411452805197e-06,3.818854725765e+01,0.000000000000e+00
204.0,1.099376722161e-05,3.298130166484e-06,3.790405423504e+01,0.000000000000e+00
206.0,1.063057701483e-05,3.189173104449e-06,3.762087178768e+01,6.709016218007e-317
208.0,1.028128620127e-05,3.084385860382e-06,3.733898210675e+01,3.694880547349e-297
210.0,9.945276150063e-06,2.983582845019e-06,3.705836764829e+01,9.722220418212e-279
212.0,9.621960109223e-06,2.886588032767e-06,3.677901113158e+01,1.518077993562e-261
214.0,9.310781322624e-06,2.793234396787e-06,3.650089553734e+01,1.718681529538e-245
216.0,9.011211272893e-06,2.703363381868e-06,3.622400410583e+01,1.697931085950e-230
218.0,8.722748040830e-06,2.616824412249e-06,3.594832033465e+01,1.737336748100e-216
220.0,8.444914772700e-06,2.533474431810e-06,3.567382797652e+01,2.157487327294e-203
222.0,8.177258247477e-06,2.453177474243e-06,3.540051103688e+01,3.765808698471e-191
224.0,7.919347536745e-06,2.375804261023e-06,3.512835377131e+01,1.058392157243e-179
226.0,7.670772750554e-06,2.301231825166e-06,3.485734068295e+01,5.432532226119e-169
228.0,7.431143863074e-06,2.229343158922e-06,3.458745651974e+01,5.722810854410e-159
230.0,7.200089612363e-06,2.160026883709e-06,3.431868627156e+01,1.378661965879e-149
232.0,6.977256469035e-06,2.093176940710e-06,3.405101516741e+01,8.397090077903e-141
234.0,6.762307668983e-06,2.028692300695e-06,3.378442867235e+01,1.419245356420e-132
236.0,6.554922305736e-06,1.966476691721e-06,3.351891248454e+01,7.257282932496e-125
238.0,6.354794478328e-06,1.906438343498e-06,3.325445253213e+01,1.216540391950e-117
240.0,6.161632490879e-06,1.848489747264e-06,3.299103497014e+01,7.202546301161e-111
242.0,5.975158100404e-06,1.792547430121e-06,3.272864617732e+01,1.614123069198e-104
244.0,5.795105809585e-06,1.738531742875e-06,3.246727275297e+01,1.460327940228e-98
246.0,5.621222201506e-06,1.686366660452e-06,3.220690151372e+01,5.663031842680e-93
248.0,5.453265313583e-06,1.635979594075e-06,3.194751949031e+01,9.952954709567e-88
250.0,5.291004048097e-06,1.587301214429e-06,3.168911392442e+01,8.350496003090e-83
252.0,5.134217616945e-06,1.540265285083e-06,3.143167226536e+01,3.510255043270e-78
254.0,4.982695018393e-06,1.494808505518e-06,3.117518216690e+01,7.734054709555e-74
256.0,4.836234543774e-06,1.450870363132e-06,3.091963148404e+01,9.314530779337e-70
258.0,4.694643312213e-06,1.408392993664e-06,3.066500826976e+01,6.376759061338e-66
260.0,4.557736831601e-06,1.367321049480e-06,3.041130077187e+01,2.573732151591e-62
262.0,4.425338584176e-06,1.327601575253e-06,3.015849742979e+01,6.335838816558e-59
264.0,4.297279635160e-06,1.289183890548e-06,2.990658687142e+01,9.818827567724e-56
266.0,4.173398263030e-06,1.252019478909e-06,2.965555790994e+01,9.865469697831e-53
268.0,4.053539610083e-06,1.216061883025e-06,2.940539954076e+01,6.605118284201e-50
270.0,3.937555352054e-06,1.181266605616e-06,2.915610093841e+01,3.022913992975e-47
272.0,3.825303385635e-06,1.147591015690e-06,2.890765145345e+01,9.684246175335e-45
274.0,3.716647532800e-06,1.114994259840e-06,2.866004060949e+01,2.220265156123e-42
276.0,3.611457260948e-06,1.083437178284e-06,2.841325810015e+01,3.718713808695e-40
278.0,3.509607417898e-06,1.052882225369e-06,2.816729378614e+01,4.638483701988e-38
280.0,3.410977980876e-06,1.023293394263e-06,2.792213769228e+01,4.386771069218e-36
282.0,3.315453818663e-06,9.946361455990e-07,2.767778000470e+01,3.198726504444e-34
284.0,3.222924466134e-06,9.668773398401e-07,2.743421106788e+01,1.826740467918e-32
286.0,3.133283910471e-06,9.399851731412e-07,2.719142138192e+01,8.291084412341e-31
288.0,3.046430388379e-06,9.139291165136e-07,2.694940159975e+01,3.032095496310e-29
290.0,2.962266193671e-06,8.886798581014e-07,2.670814252436e+01,9.050200470084e-28
292.0,2.880697494632e-06,8.642092483897e-07,2.646763510617e+01,2.231489917930e-26
294.0,2.801634160609e-06,8.404902481827e-07,2.622787044030e+01,4.596905402659e-25
296.0,2.724989597309e-06,8.174968791926e-07,2.598883976404e+01,7.996120848637e-24
298.0,2.650680590319e-06,7.952041770956e-07,2.575053445422e+01,1.186211800328e-22
300.0,2.578627156389e-06,7.735881469167e-07,2.551294602472e+01,1.514869795393e-21
302.0,2.508752402051e-06,7.526257206153e-07,2.527606612394e+01,1.680086654727e-20
304.0,2.440982389170e-06,7.322947167509e-07,2.503988653242e+01,1.631594703976e-19
306.0,2.375246007051e-06,7.125738021152e-07,2.480439916035e+01,1.398235865788e-18
308.0,2.311474850746e-06,6.934424552238e-07,2.456959604530e+01,1.065112463341e-17
310.0,2.249603105226e-06,6.748809315678e-07,2.433546934982e+01,7.261484829125e-17
312.0,2.189567435103e-06,6.568702305308e-07,2.410201135920e+01,4.459221270055e-16
314.0,2.131306879606e-06,6.393920638819e-07,2.386921447921e+01,2.481513630695e-15
316.0,2.074762752543e-06,6.224288257629e-07,2.363707123392e+01,1.258522464069e-14
318.0,2.019878546963e-06,6.059635640889e-07,2.340557426350e+01,5.847988435484e-14
320.0,1.966599844299e-06,5.899799532898e-07,2.317471632215e+01,2.502239859797e-13
322.0,1.914874227742e-06,5.744622683226e-07,2.294449027596e+01,9.905437095072e-13
324.0,1.864651199628e-06,5.593953598885e-07,2.271488910093e+01,3.643877358311e-12
326.0,1.815882102641e-06,5.447646307922e-07,2.248590588088e+01,1.250857078443e-11
328.0,1.768520044622e-06,5.305560133865e-07,2.225753380555e+01,4.022594669392e-11
330.0,1.722519826819e-06,5.167559480456e-07,2.202976616867e+01,1.216352158935e-10
332.0,1.677837875382e-06,5.033513626147e-07,2.180259636598e+01,3.470339192041e-10
334.0,1.634432175964e-06,4.903296527891e-07,2.157601789348e+01,9.372602245679e-10
336.0,1.592262211242e-06,4.776786633726e-07,2.135002434553e+01,2.403569985523e-09
338.0,1.551288901250e-06,4.653866703750e-07,2.112460941310e+01,5.869701052717e-09
340.0,1.511474546348e-06,4.534423639045e-07,2.089976688197e+01,1.368732451326e-08
342.0,1.472782772724e-06,4.418348318172e-07,2.067549063108e+01,3.055457153742e-08
344.0,1.435178480287e-06,4.305535440861e-07,2.045177463078e+01,6.545392836889e-08
346.0,1.398627792849e-06,4.195883378547e-07,2.022861294120e+01,1.348599669400e-07
348.0,1.363098010471e-06,4.089294031413e-07,2.000599971061e+01,2.678224122290e-07
350.0,1.328557563881e-06,3.985672691644e-07,1.978392917389e+01,5.136914134339e-07
352.0,1.294975970855e-06,3.884927912565e-07,1.956239565087e+01,9.533968427694e-07
354.0,1.262323794469e-06,3.786971383407e-07,1.934139354489e+01,1.715292441062e-06
356.0,1.230572603143e-06,3.691717809429e-07,1.912091734126e+01,2.996595718878e-06
358.0,1.199694932375e-06,3.599084797124e-07,1.890096160581e+01,5.091364509254e-06
360.0,1.169664248099e-06,3.508992744297e-07,1.868152098341e+01,8.425727565864e-06
362.0,1.140454911589e-06,3.421364734766e-07,1.846259019660e+01,1.360071984481e-05
364.0,1.112042145826e-06,3.336126437477e-07,1.824416404421e+01,2.144257125978e-05
366.0,1.084402003279e-06,3.253206009837e-07,1.802623739997e+01,3.305968857438e-05
368.0,1.057511335018e-06,3.172534005054e-07,1.780880521118e+01,4.990489974586e-05
370.0,1.031347761104e-06,3.094043283312e-07,1.759186249745e+01,7.384085823409e-05
372.0,1.005889642200e-06,3.017668926601e-07,1.737540434938e+01,1.072058980811e-04
374.0,9.811160523460e-07,2.943348157038e-07,1.715942592734e+01,1.528771539987e-04
376.0,9.570067528397e-07,2.871020258519e-07,1.694392246020e+01,2.143274696214e-04
378.0,9.335421671840e-07,2.800626501552e-07,1.672888924417e+01,2.956725502307e-04
380.0,9.107033570428e-07,2.732110071129e-07,1.651432164161e+01,4.017049912110e-04
382.0,8.884719991665e-07,2.665415997499e-07,1.630021507985e+01,5.379122249232e-04
384.0,8.668303632412e-07,2.600491089724e-07,1.608656505009e+01,7.104760495185e-04
386.0,8.457612906230e-07,2.537283871869e-07,1.587336710627e+01,9.262521883336e-04
388.0,8.252481739152e-07,2.475744521746e-07,1.566061686397e+01,1.192729220165e-03
390.0,8.052749373556e-07,2.415824812067e-07,1.544830999939e+01,1.517967154891e-03
392.0,7.858260179739e-07,2.357478053922e-07,1.523644224825e+01,1.910516841752e-03
394.0,7.668863474900e-07,2.300659042470e-07,1.502500940480e+01,2.379322230959e-03
396.0,7.484413349186e-07,2.245324004756e-07,1.481400732080e+01,2.933608215499e-03
398.0,7.304768498497e-07,2.191430549549e-07,1.460343190453e+01,3.582757324124e-03
400.0,7.129792063776e-07,2.138937619133e-07,1.439327911984e+01,4.336178898444e-03
402.0,6.959351476495e-07,2.087805442949e-07,1.418354498521e+01,5.203174560561e-03
404.0,6.793318310073e-07,2.037995493022e-07,1.397422557278e+01,6.192803769537e-03
406.0,6.631568136978e-07,1.989470441094e-07,1.376531700749e+01,7.313753092426e-03
408.0,6.473980391284e-07,1.942194117385e-07,1.355681546615e+01,8.574212503841e-03
410.0,6.320438236427e-07,1.896131470928e-07,1.334871717659e+01,9.981761606921e-03
412.0,6.170828437972e-07,1.851248531392e-07,1.314101841679e+01,1.154326817062e-02
414.0,6.025041241167e-07,1.807512372350e-07,1.293371551405e+01,1.326480083520e-02
416.0,5.882970253083e-07,1.764891075925e-07,1.272680484414e+01,1.515155727985e-02
418.0,5.744512329166e-07,1.723353698750e-07,1.252028283054e+01,1.720780859922e-02
420.0,5.609567464003e-07,1.682870239201e-07,1.231414594359e+01,1.943686012151e-02
422.0,5.478038686134e-07,1.643411605840e-07,1.210839069974e+01,2.184102843604e-02
424.0,5.349831956759e-07,1.604949587028e-07,1.190301366082e+01,2.442163399461e-02
426.0,5.224856072156e-07,1.567456821647e-07,1.169801143322e+01,2.717900831545e-02
428.0,5.103022569684e-07,1.530906770905e-07,1.149338066722e+01,3.011251455436e-02
430.0,4.984245637218e-07,1.495273691165e-07,1.128911805625e+01,3.322058001295e-02
432.0,4.868442025867e-07,1.460532607760e-07,1.108522033617e+01,3.650073902668e-02
434.0,4.755530965866e-07,1.426659289760e-07,1.088168428460e+01,3.994968460806e-02
436.0,4.645434085495e-07,1.393630225649e-07,1.067850672023e+01,4.356332720743e-02
438.0,4.538075332922e-07,1.361422599877e-07,1.047568450216e+01,4.733685898640e-02
440.0,4.433380900836e-07,1.330014270251e-07,1.027321452925e+01,5.126482206868e-02
442.0,4.331279153781e-07,1.299383746134e-07,1.007109373946e+01,5.534117933267e-02
444.0,4.231700558069e-07,1.269510167421e-07,9.869319109242e+00,5.955938643065e-02
446.0,4.134577614179e-07,1.240373284254e-07,9.667887652930e+00,6.391246385493e-02
448.0,4.039844791542e-07,1.211953437463e-07,9.466796422112e+00,6.839306801455e-02
450.0,3.947438465621e-07,1.184231539686e-07,9.266042505051e+00,7.299356043260e-02
452.0,3.857296857202e-07,1.157189057161e-07,9.065623026102e+00,7.770607431897e-02
454.0,3.769359973801e-07,1.130807992140e-07,8.865535145136e+00,8.252257791254e-02
456.0,3.683569553114e-07,1.105070865934e-07,8.665776056988e+00,8.743493411901e-02
458.0,3.599869008427e-07,1.079960702528e-07,8.466342990897e+00,9.243495609161e-02
460.0,3.518203375920e-07,1.055461012776e-07,8.267233209974e+00,9.751445851317e-02
462.0,3.438519263780e-07,1.031555779134e-07,8.068444010671e+00,1.026653044359e-01
464.0,3.360764803067e-07,1.008229440920e-07,7.869972722258e+00,1.078794476221e-01
466.0,3.284889600257e-07,9.854668800772e-08,7.671816706315e+00,1.131489704035e-01
468.0,3.210844691414e-07,9.632534074241e-08,7.473973356233e+00,1.184661171389e-01
470.0,3.138582497904e-07,9.415747493713e-08,7.276440096719e+00,1.238233234010e-01
472.0,3.068056783630e-07,9.204170350891e-08,7.079214383317e+00,1.292132410679e-01
474.0,2.999222613694e-07,8.997667841081e-08,6.882293701932e+00,1.346287595210e-01
476.0,2.932036314459e-07,8.796108943376e-08,6.685675568366e+00,1.400630231814e-01
478.0,2.866455434953e-07,8.599366304860e-08,6.489357527862e+00,1.455094456274e-01
480.0,2.802438709562e-07,8.407316128686e-08,6.293337154654e+00,1.509617205507e-01
482.0,2.739946021961e-07,8.219838065883e-08,6.097612051532e+00,1.564138298087e-01
484.0,2.678938370255e-07,8.036815110766e-08,5.902179849403e+00,1.618600488343e-01
486.0,2.619377833267e-07,7.858133499801e-08,5.707038206873e+00,1.672949496571e-01
488.0,2.561227537940e-07,7.683682613819e-08,5.512184809826e+00,1.727134017856e-01
490.0,2.504451627815e-07,7.513354883446e-08,5.317617371019e+00,1.781105711886e-01
492.0,2.449015232546e-07,7.347045697637e-08,5.123333629677e+00,1.834819176038e-01
494.0,2.394884438400e-07,7.184653315201e-08,4.929331351100e+00,1.888231903875e-01
496.0,2.342026259738e-07,7.026078779214e-08,4.735608326277e+00,1.941304231074e-01
498.0,2.290408611405e-07,6.871225834215e-08,4.542162371503e+00,1.993999270651e-01
500.0,2.240000282028e-07,6.720000846083e-08,4.348991328005e+00,2.046282839216e-01
502.0,2.190770908170e-07,6.572312724509e-08,4.156093061579e+00,2.098123375821e-01
504.0,2.142690949321e-07,6.428072847963e-08,3.963465462224e+00,2.149491854873e-01
506.0,2.095731663690e-07,6.287194991069e-08,3.771106443792e+00,2.200361694387e-01
508.0,2.049865084770e-07,6.149595254310e-08,3.579013943638e+00,2.250708660778e-01
510.0,2.005063998659e-07,6.015191995976e-08,3.387185922277e+00,2.300510771220e-01
512.0,1.961301922094e-07,5.883905766282e-08,3.195620363051e+00,2.349748194522e-01
514.0,1.918553081190e-07,5.755659243570e-08,3.004315271797e+00,2.398403151323e-01
516.0,1.876792390846e-07,5.630377172538e-08,2.813268676523e+00,2.446459814342e-01
518.0,1.835995434806e-07,5.507986304418e-08,2.622478627090e+00,2.493904209291e-01
520.0,1.796138446343e-07,5.388415339029e-08,2.431943194895e+00,2.540724116995e-01
522.0,1.757198289553e-07,5.271594868659e-08,2.241660472571e+00,2.586908977172e-01
524.0,1.719152441232e-07,5.157457323696e-08,2.051628573677e+00,2.632449794254e-01
526.0,1.681978973319e-07,5.045936919957e-08,1.861845632405e+00,2.677339045572e-01
528.0,1.645656535886e-07,4.936969607658e-08,1.672309803285e+00,2.721570592159e-01
530.0,1.610164340655e-07,4.830493021964e-08,1.483019260901e+00,2.765139592371e-01
532.0,1.575482145024e-07,4.726446435072e-08,1.293972199606e+00,2.808042418504e-01
534.0,1.541590236591e-07,4.624770709773e-08,1.105166833248e+00,2.850276576499e-01
536.0,1.508469418145e-07,4.525408254436e-08,9.166013948901e-01,2.891840628831e-01
538.0,1.476100993128e-07,4.428302979385e-08,7.282741365517e-01,2.932734120626e-01
540.0,1.444466751534e-07,4.333400254602e-08,5.401833289382e-01,2.972957509031e-01
542.0,1.413548956241e-07,4.240646868723e-08,3.523272611841e-01,3.012512095816e-01
544.0,1.383330329761e-07,4.149990989282e-08,1.647042405981e-01,3.051399963214e-01
546.0,1.353794041389e-07,4.061382124166e-08,-2.268740758775e-02,3.089623912921e-01
548.0,1.324923694744e-07,3.974771084232e-08,-2.098493404642e-01,3.127187408230e-01
550.0,1.296703315684e-07,3.890109947053e-08,-3.967831976872e-01,3.164094519213e-01
552.0,1.269117340586e-07,3.807352021758e-08,-5.834906017164e-01,3.200349870880e-01
554.0,1.242150604976e-07,3.726451814929e-08,-7.699731580490e-01,3.235958594218e-01
556.0,1.215788332505e-07,3.647364997516e-08,-9.562324554505e-01,3.270926280033e-01
558.0,1.190016124248e-07,3.570048372744e-08,-1.142270066181e+00,3.305258935488e-01
560.0,1.164819948325e-07,3.494459844974e-08,-1.328087546220e+00,3.338962943229e-01
562.0,1.140186129830e-07,3.420558389491e-08,-1.513686435482e+00,3.372045023018e-01
564.0,1.116101341063e-07,3.348304023190e-08,-1.699068258034e+00,3.404512195738e-01
566.0,1.092552592042e-07,3.277657776125e-08,-1.884234522311e+00,3.436371749701e-01
568.0,1.069527221299e-07,3.208581663898e-08,-2.069186721319e+00,3.467631209119e-01
570.0,1.047012886955e-07,3.141038660864e-08,-2.253926332844e+00,3.498298304668e-01
572.0,1.024997558040e-07,3.074992674119e-08,-2.438454819652e+00,3.528380946020e-01
574.0,1.003469506084e-07,3.010408518252e-08,-2.622773629691e+00,3.557887196250e-01
576.0,9.824172969440e-08,2.947251890832e-08,-2.806884196282e+00,3.586825248035e-01
578.0,9.618297828707e-08,2.885489348612e-08,-2.990787938314e+00,3.615203401527e-01
580.0,9.416960948078e-08,2.825088284424e-08,-3.174486260436e+00,3.643030043832e-01
582.0,9.220056349135e-08,2.766016904741e-08,-3.357980553238e+00,3.670313629984e-01
584.0,9.027480692977e-08,2.708244207893e-08,-3.541272193436e+00,3.697062665358e-01
586.0,8.839133209699e-08,2.651739962910e-08,-3.724362544055e+00,3.723285689405e-01
588.0,8.654915629896e-08,2.596474688969e-08,-3.907252954604e+00,3.748991260666e-01
590.0,8.474732118131e-08,2.542419635439e-08,-4.089944761252e+00,3.774187942965e-01
592.0,8.298489208317e-08,2.489546762495e-08,-4.272439287000e+00,3.798884292716e-01
594.0,8.126095740939e-08,2.437828722282e-08,-4.454737841850e+00,3.823088847286e-01
596.0,7.957462802073e-08,2.387238840622e-08,-4.636841722970e+00,3.846810114332e-01
598.0,7.792503664131e-08,2.337751099239e-08,-4.818752214862e+00,3.870056562065e-01
600.0,7.631133728299e-08,2.289340118490e-08,-5.000470589520e+00,3.892836610372e-01
602.0,7.473270468595e-08,2.241981140578e-08,-5.181998106591e+00,3.915158622744e-01
604.0,7.318833377516e-08,2.195650013255e-08,-5.363336013529e+00,3.937030898963e-01
606.0,7.167743913210e-08,2.150323173963e-08,-5.544485545753e+00,3.958461668485e-01
608.0,7.019925448143e-08,2.105977634443e-08,-5.725447926796e+00,3.979459084482e-01
610.0,6.875303219194e-08,2.062590965758e-08,-5.906224368455e+00,4.000031218500e-01
612.0,6.733804279162e-08,2.020141283749e-08,-6.086816070938e+00,4.020186055678e-01
614.0,6.595357449617e-08,1.978607234885e-08,-6.267224223009e+00,4.039931490504e-01
616.0,6.459893275067e-08,1.937967982520e-08,-6.447450002130e+00,4.059275323063e-01
618.0,6.327343978407e-08,1.898203193522e-08,-6.627494574605e+00,4.078225255736e-01
620.0,6.197643417595e-08,1.859293025278e-08,-6.807359095712e+00,4.096788890331e-01
622.0,6.070727043535e-08,1.821218113061e-08,-6.987044709845e+00,4.114973725602e-01
624.0,5.946531859121e-08,1.783959557736e-08,-7.166552550645e+00,4.132787155137e-01
626.0,5.824996379408e-08,1.747498913822e-08,-7.345883741134e+00,4.150236465578e-01
628.0,5.706060592884e-08,1.711818177865e-08,-7.525039393842e+00,4.167328835157e-01
630.0,5.589665923803e-08,1.676899777141e-08,-7.704020610942e+00,4.184071332512e-01
632.0,5.475755195548e-08,1.642726558664e-08,-7.882828484367e+00,4.200470915778e-01
634.0,5.364272594999e-08,1.609281778500e-08,-8.061464095942e+00,4.216534431913e-01
636.0,5.255163637870e-08,1.576549091361e-08,-8.239928517504e+00,4.232268616249e-01
638.0,5.148375134994e-08,1.544512540498e-08,-8.418222811021e+00,4.247680092259e-01
640.0,5.043855159519e-08,1.513156547856e-08,-8.596348028715e+00,4.262775371493e-01
642.0,4.941553014997e-08,1.482465904499e-08,-8.774305213175e+00,4.277560853711e-01
644.0,4.841419204335e-08,1.452425761300e-08,-8.952095397474e+00,4.292042827147e-01
646.0,4.743405399584e-08,1.423021619875e-08,-9.129719605286e+00,4.306227468943e-01
648.0,4.647464412545e-08,1.394239323764e-08,-9.307178850992e+00,4.320120845690e-01
650.0,4.553550166159e-08,1.366065049848e-08,-9.484474139795e+00,4.333728914107e-01
652.0,4.461617666674e-08,1.338485300002e-08,-9.661606467830e+00,4.347057521814e-01
654.0,4.371622976547e-08,1.311486892964e-08,-9.838576822264e+00,4.360112408209e-01
656.0,4.283523188081e-08,1.285056956424e-08,-1.001538618141e+01,4.372899205429e-01
658.0,4.197276397756e-08,1.259182919327e-08,-1.019203551483e+01,4.385423439391e-01
660.0,4.112841681250e-08,1.233852504375e-08,-1.036852578343e+01,4.397690530901e-01
662.0,4.030179069121e-08,1.209053720736e-08,-1.054485793958e+01,4.409705796830e-01
664.0,3.949249523131e-08,1.184774856939e-08,-1.072103292718e+01,4.421474451335e-01
666.0,3.870014913204e-08,1.161004473961e-08,-1.089705168179e+01,4.433001607141e-01
668.0,3.792437994987e-08,1.137731398496e-08,-1.107291513072e+01,4.444292276853e-01
670.0,3.716482388002e-08,1.114944716401e-08,-1.124862419312e+01,4.455351374314e-01
672.0,3.642112554378e-08,1.092633766314e-08,-1.142417978007e+01,4.466183715986e-01
674.0,3.569293778137e-08,1.070788133441e-08,-1.159958279468e+01,4.476794022367e-01
676.0,3.497992145024e-08,1.049397643507e-08,-1.177483413219e+01,4.487186919418e-01
678.0,3.428174522868e-08,1.028452356860e-08,-1.194993468003e+01,4.497366940018e-01
680.0,3.359808542448e-08,1.007942562735e-08,-1.212488531796e+01,4.507338525428e-01
682.0,3.292862578872e-08,9.878587736615e-09,-1.229968691810e+01,4.517106026764e-01
684.0,3.227305733420e-08,9.681917200260e-09,-1.247434034505e+01,4.526673706482e-01
686.0,3.163107815881e-08,9.489323447642e-09,-1.264884645599e+01,4.536045739865e-01
688.0,3.100239327328e-08,9.300717981984e-09,-1.282320610070e+01,4.545226216508e-01
690.0,3.038671443355e-08,9.116014330066e-09,-1.299742012174e+01,4.554219141810e-01
692.0,2.978375997735e-08,8.935127993204e-09,-1.317148935443e+01,4.563028438455e-01
694.0,2.919325466503e-08,8.757976399510e-09,-1.334541462701e+01,4.571657947894e-01
696.0,2.861492952455e-08,8.584478857366e-09,-1.351919676068e+01,4.580111431815e-01
698.0,2.804852170034e-08,8.414556510103e-09,-1.369283656968e+01,4.588392573609e-01
700.0,2.749377430612e-08,8.248132291836e-09,-1.386633486137e+01,4.596504979823e-01
702.0,2.695043628145e-08,8.085130884435e-09,-1.403969243634e+01,4.604452181602e-01
704.0,2.641826225196e-08,7.925478675589e-09,-1.421291008843e+01,4.612237636119e-01
706.0,2.589701239315e-08,7.769103717944e-09,-1.438598860482e+01,4.619864727991e-01
708.0,2.538645229761e-08,7.615935689284e-09,-1.455892876615e+01,4.627336770679e-01
710.0,2.488635284571e-08,7.465905853712e-09,-1.473173134652e+01,4.634657007877e-01
712.0,2.439649007944e-08,7.318947023833e-09,-1.490439711362e+01,4.641828614873e-01
714.0,2.391664507960e-08,7.174993523881e-09,-1.507692682877e+01,4.648854699910e-01
716.0,2.344660384595e-08,7.033981153784e-09,-1.524932124700e+01,4.655738305515e-01
718.0,2.298615718046e-08,6.895847154139e-09,-1.542158111710e+01,4.662482409816e-01
720.0,2.253510057353e-08,6.760530172059e-09,-1.559370718172e+01,4.669089927838e-01
722.0,2.209323409298e-08,6.627970227895e-09,-1.576570017742e+01,4.675563712783e-01
724.0,2.166036227593e-08,6.498108682778e-09,-1.593756083472e+01,4.681906557290e-01
726.0,2.123629402327e-08,6.370888206982e-09,-1.610928987819e+01,4.688121194672e-01
728.0,2.082084249695e-08,6.246252749085e-09,-1.628088802651e+01,4.694210300135e-01
730.0,2.041382501962e-08,6.124147505885e-09,-1.645235599252e+01,4.700176491983e-01
732.0,2.001506297694e-08,6.004518893082e-09,-1.662369448329e+01,4.706022332790e-01
734.0,1.962438172227e-08,5.887314516682e-09,-1.679490420018e+01,4.711750330566e-01
736.0,1.924161048370e-08,5.772483145111e-09,-1.696598583890e+01,4.717362939895e-01
738.0,1.886658227343e-08,5.659974682028e-09,-1.713694008958e+01,4.722862563052e-01
740.0,1.849913379935e-08,5.549740139805e-09,-1.730776763681e+01,4.728251551107e-01
742.0,1.813910537889e-08,5.441731613666e-09,-1.747846915972e+01,4.733532204999e-01
744.0,1.778634085489e-08,5.335902256466e-09,-1.764904533202e+01,4.738706776602e-01
746.0,1.744068751363e-08,5.232206254089e-09,-1.781949682208e+01,4.743777469757e-01
748.0,1.710199600485e-08,5.130598801454e-09,-1.798982429293e+01,4.748746441302e-01
750.0,1.677012026370e-08,5.031036079111e-09,-1.816002840240e+01,4.753615802064e-01
752.0,1.644491743470e-08,4.933475230410e-09,-1.833010980310e+01,4.758387617845e-01
754.0,1.612624779744e-08,4.837874339233e-09,-1.850006914253e+01,4.763063910384e-01
756.0,1.581397469421e-08,4.744192408263e-09,-1.866990706308e+01,4.767646658301e-01
758.0,1.550796445931e-08,4.652389337794e-09,-1.883962420212e+01,4.772137798019e-01
760.0,1.520808635017e-08,4.562425905051e-09,-1.900922119205e+01,4.776539224675e-01
762.0,1.491421248005e-08,4.474263744014e-09,-1.917869866034e+01,4.780852793002e-01
764.0,1.462621775247e-08,4.387865325740e-09,-1.934805722958e+01,4.785080318206e-01
766.0,1.434397979717e-08,4.303193939150e-09,-1.951729751752e+01,4.789223576815e-01
768.0,1.406737890765e-08,4.220213672294e-09,-1.968642013717e+01,4.793284307513e-01
770.0,1.379629798021e-08,4.138889394063e-09,-1.985542569677e+01,4.797264211960e-01
772.0,1.353062245448e-08,4.059186736345e-09,-2.002431479991e+01,4.801164955591e-01
774.0,1.327024025536e-08,3.981072076607e-09,-2.019308804553e+01,4.804988168404e-01
776.0,1.301504173636e-08,3.904512520909e-09,-2.036174602800e+01,4.808735445722e-01
778.0,1.276491962437e-08,3.829475887311e-09,-2.053028933713e+01,4.812408348949e-01
780.0,1.251976896564e-08,3.755930689691e-09,-2.069871855825e+01,4.816008406304e-01
782.0,1.227948707314e-08,3.683846121943e-09,-2.086703427224e+01,4.819537113543e-01
784.0,1.204397347521e-08,3.613192042563e-09,-2.103523705558e+01,4.822995934659e-01
786.0,1.181312986529e-08,3.543938959588e-09,-2.120332748038e+01,4.826386302580e-01
788.0,1.158686005305e-08,3.476058015916e-09,-2.137130611444e+01,4.829709619835e-01
790.0,1.136506991652e-08,3.409520974956e-09,-2.153917352129e+01,4.832967259223e-01
792.0,1.114766735544e-08,3.344300206633e-09,-2.170693026022e+01,4.836160564451e-01
794.0,1.093456224573e-08,3.280368673720e-09,-2.187457688633e+01,4.839290850776e-01
796.0,1.072566639498e-08,3.217699918494e-09,-2.204211395060e+01,4.842359405614e-01
798.0,1.052089349906e-08,3.156268049717e-09,-2.220954199987e+01,4.845367489151e-01
800.0,1.032015909970e-08,3.096047729910e-09,-2.237686157692e+01,4.848316334936e-01
