wavelength_nm,absorption_per_m,absorption_uncertainty_per_m,scattering_per_m,scattering_uncertainty_per_m,attenuation_per_m,combined_uncertainty_per_m,relative_attenuation_uncertainty,attenuation_lower_per_m,attenuation_upper_per_m,attenuation_length_m,attenuation_length_uncertainty_m,half_power_distance_m,half_power_distance_uncertainty_m,scattering_relative_uncertainty_assumption
350.0,8.900000000000e-04,3.300000000000e-04,8.999596205244e-03,1.799919241049e-04,9.889596205244e-03,3.758950554915e-04,0.038009141,9.513701149752e-03,1.026549126074e-02,101.116363019,3.843346088,70.088521935,2.664004505,0.020000
352.0,9.400000000000e-04,3.600000000000e-04,8.776301458359e-03,1.755260291672e-04,9.716301458359e-03,4.005114067230e-04,0.041220562,9.315790051636e-03,1.011681286508e-02,102.919820292,4.242412834,71.338583259,2.940616495,0.020000
354.0,9.700000000000e-04,3.400000000000e-04,8.560050616577e-03,1.712010123315e-04,9.530050616577e-03,3.806701808959e-04,0.039944193,9.149380435681e-03,9.910720797473e-03,104.931237014,4.191393580,72.732791089,2.905252643,0.020000
356.0,9.800000000000e-04,3.200000000000e-04,8.350572014292e-03,1.670114402858e-04,9.330572014292e-03,3.609609690622e-04,0.038685835,8.969611045230e-03,9.691532983354e-03,107.174565339,4.146137547,74.287747793,2.873883551,0.020000
358.0,9.900000000000e-04,3.100000000000e-04,8.147606428434e-03,1.629521285687e-04,9.137606428434e-03,3.502190688770e-04,0.038327222,8.787387359557e-03,9.487825497311e-03,109.437849817,4.194448750,75.856537047,2.907370325,0.020000
360.0,1.060000000000e-03,3.300000000000e-04,7.950906417364e-03,1.590181283473e-04,9.010906417364e-03,3.663151172735e-04,0.040652416,8.644591300091e-03,9.377221534637e-03,110.976626954,4.511468018,76.923136081,3.127111337,0.020000
362.0,1.150000000000e-03,3.500000000000e-04,7.760235699738e-03,1.552047139948e-04,8.910235699738e-03,3.828687807150e-04,0.042969546,8.527366919023e-03,9.293104480453e-03,112.230476690,4.822492605,77.792238490,3.342697152,0.020000
364.0,1.200000000000e-03,3.500000000000e-04,7.575368570623e-03,1.515073714125e-04,8.775368570623e-03,3.813849545962e-04,0.043460847,8.393983616027e-03,9.156753525219e-03,113.955327569,4.952595105,78.987814014,3.432877334,0.020000
366.0,1.210000000000e-03,3.200000000000e-04,7.396089352376e-03,1.479217870475e-04,8.606089352376e-03,3.525348990998e-04,0.040963425,8.253554453276e-03,8.958624251476e-03,116.196794973,4.759818742,80.541480826,3.299254941,0.020000
368.0,1.220000000000e-03,3.200000000000e-04,7.222191877956e-03,1.444438375591e-04,8.442191877956e-03,3.510897637483e-04,0.041587513,8.091102114208e-03,8.793281641704e-03,118.452650029,4.926151113,82.105120398,3.414547755,0.020000
370.0,1.240000000000e-03,3.300000000000e-04,7.053479004540e-03,1.410695800908e-04,8.293479004540e-03,3.588880416328e-04,0.043273521,7.934590962907e-03,8.652367046173e-03,120.576660223,5.217776693,83.577372075,3.616687204,0.020000
372.0,1.270000000000e-03,3.400000000000e-04,6.889762155435e-03,1.377952431087e-04,8.159762155435e-03,3.668617301156e-04,0.044959856,7.792900425319e-03,8.526623885551e-03,122.552591724,5.509946856,84.946983424,3.819204128,0.020000
374.0,1.290000000000e-03,3.300000000000e-04,6.730860888458e-03,1.346172177692e-04,8.020860888458e-03,3.564011718835e-04,0.044434279,7.664459716575e-03,8.377262060341e-03,124.674896362,5.539839150,86.418052900,3.839923888,0.020000
376.0,1.330000000000e-03,3.100000000000e-04,6.576602489062e-03,1.315320497812e-04,7.906602489062e-03,3.367501746394e-04,0.042591009,7.569852314423e-03,8.243352663701e-03,126.476574658,5.386764879,87.666881131,3.733820889,0.020000
378.0,1.370000000000e-03,2.900000000000e-04,6.426821586622e-03,1.285364317324e-04,7.796821586622e-03,3.172091018280e-04,0.040684412,7.479612484794e-03,8.114030688450e-03,128.257391668,5.218076566,88.901249421,3.616895060,0.020000
380.0,1.430000000000e-03,2.900000000000e-04,6.281359792400e-03,1.256271958480e-04,7.711359792400e-03,3.160414408533e-04,0.040983880,7.395318351547e-03,8.027401233253e-03,129.678815011,5.314740934,89.886505003,3.683897694,0.020000
382.0,1.470000000000e-03,2.800000000000e-04,6.140065357832e-03,1.228013071566e-04,7.610065357832e-03,3.057452551380e-04,0.040176430,7.304320102694e-03,7.915810612970e-03,131.404916118,5.279380362,91.082947119,3.659387613,0.020000
384.0,1.510000000000e-03,2.900000000000e-04,6.002792851830e-03,1.200558570366e-04,7.512792851830e-03,3.138684578112e-04,0.041777867,7.198924394019e-03,7.826661309641e-03,133.106292124,5.560896920,92.262251100,3.854520022,0.020000
386.0,1.550000000000e-03,2.900000000000e-04,5.869402855952e-03,1.173880571190e-04,7.419402855952e-03,3.128577247795e-04,0.042167507,7.106545131173e-03,7.732260580731e-03,134.781736403,5.683409866,93.423580579,3.939439525,0.020000
388.0,1.620000000000e-03,3.100000000000e-04,5.739761676293e-03,1.147952335259e-04,7.359761676293e-03,3.305721489180e-04,0.044916149,7.029189527375e-03,7.690333825211e-03,135.873964944,6.102935197,94.180655712,4.230232325,0.020000
390.0,1.700000000000e-03,3.000000000000e-04,5.613741071094e-03,1.122748214219e-04,7.313741071094e-03,3.203211443619e-04,0.043797168,6.993419926732e-03,7.634062215456e-03,136.728931238,5.988339934,94.773273188,4.150800941,0.020000
392.0,1.750000000000e-03,2.900000000000e-04,5.491217993107e-03,1.098243598621e-04,7.241217993107e-03,3.100990003517e-04,0.042824149,6.931118992755e-03,7.551316993459e-03,138.098314531,5.913942838,95.722457357,4.099232804,0.020000
394.0,1.850000000000e-03,2.800000000000e-04,5.372074345802e-03,1.074414869160e-04,7.222074345802e-03,2.999061071581e-04,0.041526311,6.922168238644e-03,7.521980452960e-03,138.464373547,5.749914673,95.976190132,3.985537144,0.020000
396.0,1.960000000000e-03,2.800000000000e-04,5.256196752604e-03,1.051239350521e-04,7.216196752604e-03,2.990836701006e-04,0.041446163,6.917113082503e-03,7.515280422705e-03,138.577152797,5.743491325,96.054362751,3.981084819,0.020000
398.0,2.080000000000e-03,2.800000000000e-04,5.143476338366e-03,1.028695267673e-04,7.223476338366e-03,2.982987420981e-04,0.041295732,6.925177596268e-03,7.521775080464e-03,138.437499226,5.716877850,95.957562272,3.962637763,0.020000
400.0,2.220000000000e-03,2.700000000000e-04,5.033808522356e-03,1.006761704471e-04,7.253808522356e-03,2.881591423084e-04,0.039725220,6.965649380048e-03,7.541967664664e-03,137.858615501,5.476463885,95.556310650,3.795995501,0.020000
402.0,2.370000000000e-03,2.700000000000e-04,4.927092822081e-03,9.854185644162e-05,7.297092822081e-03,2.874204193702e-04,0.039388346,7.009672402711e-03,7.584513241451e-03,137.040877015,5.397813527,94.989497525,3.741479227,0.020000
404.0,2.480000000000e-03,2.800000000000e-04,4.823232667298e-03,9.646465334596e-05,7.303232667298e-03,2.961510245553e-04,0.040550676,7.007081642743e-03,7.599383691853e-03,136.925666421,5.552428390,94.909639626,3.848650084,0.020000
406.0,2.570000000000e-03,2.900000000000e-04,4.722135223641e-03,9.444270447282e-05,7.292135223641e-03,3.049908595813e-04,0.041824630,6.987144364060e-03,7.597126083222e-03,137.134045013,5.735580730,95.054076660,3.975601612,0.020000
408.0,2.590000000000e-03,3.100000000000e-04,4.623711225286e-03,9.247422450572e-05,7.213711225286e-03,3.234988132867e-04,0.044844991,6.890212411999e-03,7.537210038573e-03,138.624900383,6.216632378,96.087458856,4.309041205,0.020000
410.0,2.660000000000e-03,3.200000000000e-04,4.527874816150e-03,9.055749632300e-05,7.187874816150e-03,3.325667754606e-04,0.046267747,6.855308040689e-03,7.520441591611e-03,139.123179741,6.436916121,96.432839788,4.461730261,0.020000
412.0,2.710000000000e-03,2.900000000000e-04,4.434543399123e-03,8.869086798246e-05,7.144543399123e-03,3.032590807601e-04,0.042446251,6.841284318363e-03,7.447802479883e-03,139.966957178,5.941072564,97.017701739,4.118037697,0.020000
414.0,2.800000000000e-03,2.900000000000e-04,4.343637492892e-03,8.687274985784e-05,7.143637492892e-03,3.027323482350e-04,0.042377899,6.840905144657e-03,7.446369841127e-03,139.984706810,5.932257768,97.030004847,4.111927746,0.020000
416.0,2.880000000000e-03,3.000000000000e-04,4.255080595916e-03,8.510161191832e-05,7.135080595916e-03,3.118369515486e-04,0.043704755,6.823243644367e-03,7.446917547465e-03,140.152586443,6.125334496,97.146370141,4.245758336,0.020000
418.0,3.000000000000e-03,3.100000000000e-04,4.168799057154e-03,8.337598114308e-05,7.168799057154e-03,3.210164391921e-04,0.044779668,6.847782617962e-03,7.489815496346e-03,139.493378462,6.246467126,96.689441988,4.329721077,0.020000
420.0,3.120000000000e-03,3.000000000000e-04,4.084721953181e-03,8.169443906362e-05,7.204721953181e-03,3.109243981644e-04,0.043155642,6.893797555017e-03,7.515646351345e-03,138.797861527,5.989910762,96.207346385,4.151889756,0.020000
422.0,3.220000000000e-03,2.900000000000e-04,4.002780971318e-03,8.005561942636e-05,7.222780971318e-03,3.008469747259e-04,0.041652513,6.921933996592e-03,7.523627946044e-03,138.450827177,5.766824810,95.966800504,3.997258358,0.020000
424.0,3.310000000000e-03,2.900000000000e-04,3.922910298468e-03,7.845820596936e-05,7.232910298468e-03,3.004258478958e-04,0.041535957,6.932484450572e-03,7.533336146364e-03,138.256933756,5.742633993,95.832403826,3.980490562,0.020000
426.0,3.440000000000e-03,3.000000000000e-04,3.845046515327e-03,7.690093030654e-05,7.285046515327e-03,3.096994560570e-04,0.042511665,6.975347059270e-03,7.594745971384e-03,137.267483179,5.835469243,95.146568948,4.044839053,0.020000
428.0,3.580000000000e-03,3.100000000000e-04,3.769128495696e-03,7.538256991392e-05,7.349128495696e-03,3.190337471912e-04,0.043411099,7.030094748505e-03,7.668162242887e-03,136.070555929,5.906972421,94.316922199,4.094401279,0.020000
430.0,3.760000000000e-03,3.100000000000e-04,3.695097310597e-03,7.390194621194e-05,7.455097310597e-03,3.186871469857e-04,0.042747550,7.136410163611e-03,7.773784457583e-03,134.136411416,5.734002989,92.976275383,3.974508005,0.020000
432.0,3.950000000000e-03,3.400000000000e-04,3.622896136960e-03,7.245792273920e-05,7.572896136960e-03,3.476350824754e-04,0.045905170,7.225261054485e-03,7.920531219435e-03,132.049876548,6.061771995,91.529999623,4.201700168,0.020000
434.0,4.170000000000e-03,3.600000000000e-04,3.552470170618e-03,7.104940341236e-05,7.722470170618e-03,3.669441615904e-04,0.047516423,7.355526009028e-03,8.089414332208e-03,129.492245086,6.153008332,89.757184585,4.264940377,0.020000
436.0,4.420000000000e-03,3.800000000000e-04,3.483766543389e-03,6.967533086778e-05,7.903766543389e-03,3.863348958243e-04,0.048879847,7.517431647565e-03,8.290101439213e-03,126.521955641,6.184373777,87.698336832,4.286681247,0.020000
438.0,4.800000000000e-03,3.600000000000e-04,3.416734244034e-03,6.833468488068e-05,8.216734244034e-03,3.664282046428e-04,0.044595358,7.850306039391e-03,8.583162448677e-03,121.702853019,5.427382292,84.357989436,3.761974733,0.020000
440.0,5.220000000000e-03,3.800000000000e-04,3.351324042880e-03,6.702648085760e-05,8.571324042880e-03,3.858659730219e-04,0.045018246,8.185458069858e-03,8.957190015902e-03,116.668089434,5.252192733,80.868157252,3.640542585,0.020000
442.0,5.740000000000e-03,4.000000000000e-04,3.287488419921e-03,6.574976839842e-05,9.027488419921e-03,4.053677738110e-04,0.044903716,8.622120646110e-03,9.432856193732e-03,110.772781253,4.974109481,76.781841008,3.447789962,0.020000
444.0,6.260000000000e-03,5.000000000000e-04,3.225181496220e-03,6.450362992440e-05,9.485181496220e-03,5.041435492728e-04,0.053150649,8.981037946947e-03,9.989325045493e-03,105.427608359,5.603545772,73.076849487,3.884081953,0.020000
446.0,6.910000000000e-03,5.700000000000e-04,3.164358968437e-03,6.328717936874e-05,1.007435896844e-02,5.735026303972e-04,0.056926960,9.500856338043e-03,1.064786159884e-02,99.261898760,5.650678144,68.803105263,3.916751624,0.020000
448.0,7.510000000000e-03,5.500000000000e-04,3.104978046325e-03,6.209956092650e-05,1.061497804633e-02,5.534946751932e-04,0.052142800,1.006148337114e-02,1.116847272152e-02,94.206506658,4.912191017,65.298974481,3.404871354,0.020000
450.0,8.080000000000e-03,5.200000000000e-04,3.046997393049e-03,6.093994786098e-05,1.112699739305e-02,5.235586664790e-04,0.047053005,1.060343872657e-02,1.165055605953e-02,89.871504834,4.228724387,62.294180189,2.931128386,0.020000
452.0,8.420000000000e-03,4.400000000000e-04,2.990377068171e-03,5.980754136342e-05,1.141037706817e-02,4.440461034667e-04,0.038915989,1.096633096470e-02,1.185442317164e-02,87.639522693,3.410578663,60.747088060,2.364032984,0.020000
454.0,8.630000000000e-03,4.800000000000e-04,2.935078473185e-03,5.870156946370e-05,1.156507847319e-02,4.835761307773e-04,0.041813476,1.108150234241e-02,1.204865460397e-02,86.467204033,3.615494358,59.934498686,2.506069720,0.020000
456.0,8.770000000000e-03,4.500000000000e-04,2.881064299463e-03,5.762128598926e-05,1.165106429946e-02,4.536741259969e-04,0.038938428,1.119739017346e-02,1.210473842546e-02,85.829068856,3.342049001,59.492177087,2.316531842,0.020000
458.0,8.930000000000e-03,5.600000000000e-04,2.828298478487e-03,5.656596956974e-05,1.175829847849e-02,5.628496325959e-04,0.047868289,1.119544884589e-02,1.232114811109e-02,85.046318719,4.071021784,58.949616037,2.821817271,0.020000
460.0,9.090000000000e-03,5.200000000000e-04,2.776746134281e-03,5.553492268562e-05,1.186674613428e-02,5.229570992325e-04,0.044069123,1.134378903505e-02,1.238970323351e-02,84.269098596,3.713665301,58.410888100,2.574116633,0.020000
462.0,9.330000000000e-03,5.700000000000e-04,2.726373537891e-03,5.452747075782e-05,1.205637353789e-02,5.726021699813e-04,0.047493732,1.148377136791e-02,1.262897570787e-02,82.943680938,3.939304928,57.492178588,2.730518104,0.020000
464.0,9.550000000000e-03,5.100000000000e-04,2.677148063863e-03,5.354296127726e-05,1.222714806386e-02,5.128029335937e-04,0.041939701,1.171434513027e-02,1.273995099745e-02,81.785220460,3.430047690,56.689194973,2.377527886,0.020000
466.0,9.790000000000e-03,5.100000000000e-04,2.629038148577e-03,5.258076297154e-05,1.241903814858e-02,5.127033612477e-04,0.041283661,1.190633478733e-02,1.293174150983e-02,80.521533796,3.324223707,55.813274125,2.304176290,0.020000
468.0,9.990000000000e-03,4.600000000000e-04,2.582013250379e-03,5.164026500758e-05,1.257201325038e-02,4.628895299853e-04,0.036819046,1.210912372039e-02,1.303490278037e-02,79.541755174,2.928651516,55.134143335,2.029986541,0.020000
470.0,1.030000000000e-02,4.200000000000e-04,2.536043811410e-03,5.072087622820e-05,1.283604381141e-02,4.230515421144e-04,0.032958094,1.241299226930e-02,1.325909535352e-02,77.905623780,2.567620893,54.000063473,1.779739183,0.020000
472.0,1.065000000000e-02,4.500000000000e-04,2.491101221051e-03,4.982202442102e-05,1.314110122105e-02,4.527496373465e-04,0.034452945,1.268835158370e-02,1.359385085840e-02,76.097123306,2.621770002,52.746506469,1.817272485,0.020000
474.0,1.100000000000e-02,4.200000000000e-04,2.447157780913e-03,4.894315561826e-05,1.344715778091e-02,4.228420892980e-04,0.031444718,1.302431569161e-02,1.386999987021e-02,74.365157031,2.338391419,51.545998928,1.620849419,0.020000
476.0,1.138000000000e-02,4.400000000000e-04,2.404186671298e-03,4.808373342596e-05,1.378418667130e-02,4.426195267046e-04,0.032110674,1.334156714460e-02,1.422680619800e-02,72.546899128,2.329529839,50.285678589,1.614707040,0.020000
478.0,1.177000000000e-02,4.600000000000e-04,2.362161919053e-03,4.724323838106e-05,1.413216191905e-02,4.624196401243e-04,0.032721083,1.366974227893e-02,1.459458155917e-02,70.760581837,2.315362856,49.047497795,1.604887236,0.020000
480.0,1.214000000000e-02,5.200000000000e-04,2.321058366764e-03,4.642116733528e-05,1.446105836676e-02,5.220679311898e-04,0.036101641,1.393899043557e-02,1.498312629795e-02,69.151231856,2.496472916,47.931981393,1.730423163,0.020000
482.0,1.254000000000e-02,6.000000000000e-04,2.280851643226e-03,4.561703286452e-05,1.482085164323e-02,6.017315960521e-04,0.040600339,1.421912004718e-02,1.542258323928e-02,67.472505904,2.739406590,46.768377233,1.898811955,0.020000
484.0,1.294000000000e-02,5.500000000000e-04,2.241518135114e-03,4.483036270228e-05,1.518151813511e-02,5.518240312092e-04,0.036348409,1.462969410390e-02,1.573334216632e-02,65.869565290,2.394253903,45.657303465,1.659570343,0.020000
486.0,1.336000000000e-02,5.300000000000e-04,2.203034959826e-03,4.406069919652e-05,1.556303495983e-02,5.318283042615e-04,0.034172532,1.503120665557e-02,1.609486326409e-02,64.254819358,2.195749846,44.538046875,1.521977815,0.020000
488.0,1.391000000000e-02,4.900000000000e-04,2.165379939420e-03,4.330759878840e-05,1.607537993942e-02,4.919101016576e-04,0.030600216,1.558346983776e-02,1.656729004108e-02,62.206927847,1.903545441,43.118556648,1.319437156,0.020000
490.0,1.460000000000e-02,5.400000000000e-04,2.128531575614e-03,4.257063151228e-05,1.672853157561e-02,5.416754181863e-04,0.032380333,1.618685615742e-02,1.727020699380e-02,59.778109960,1.935635089,41.435028378,1.341680005,0.020000
492.0,1.545000000000e-02,5.500000000000e-04,2.092469025784e-03,4.184938051568e-05,1.754246902578e-02,5.515898572758e-04,0.031443114,1.699087916850e-02,1.809405888306e-02,57.004518493,1.792399586,39.512521273,1.242396719,0.020000
494.0,1.648000000000e-02,5.400000000000e-04,2.057172079930e-03,4.114344159860e-05,1.853717207993e-02,5.415651233107e-04,0.029215089,1.799560695662e-02,1.907873720324e-02,53.945660950,1.576027260,37.392282791,1.092418852,0.020000
496.0,1.774000000000e-02,5.800000000000e-04,2.022621138556e-03,4.045242277112e-05,1.976262113856e-02,5.814089769758e-04,0.029419629,1.918121216158e-02,2.034403011554e-02,50.600575348,1.488650141,35.073646137,1.031853648,0.020000
498.0,1.926000000000e-02,6.800000000000e-04,1.988797191430e-03,3.977594382860e-05,2.124879719143e-02,6.811623343282e-04,0.032056513,2.056763485710e-02,2.192995952576e-02,47.061487339,1.508627161,32.620537262,1.045700663,0.020000
500.0,2.073000000000e-02,7.400000000000e-04,1.955681797182e-03,3.911363594364e-05,2.268568179718e-02,7.410329793719e-04,0.032665228,2.194464881781e-02,2.342671477655e-02,44.080667663,1.439905081,30.554390508,0.998066147,0.020000
502.0,2.242000000000e-02,8.500000000000e-04,1.923257063698e-03,3.846514127396e-05,2.434325706370e-02,8.508698884631e-04,0.034953001,2.349238717524e-02,2.519412695216e-02,41.079137331,1.435839128,28.473888221,0.995247843,0.020000
504.0,2.424000000000e-02,8.400000000000e-04,1.891505629288e-03,3.783011258576e-05,2.613150562929e-02,8.408514241043e-04,0.032177688,2.529065420519e-02,2.697235705339e-02,38.267982495,1.231375185,26.525344172,0.853524238,0.020000
506.0,2.668000000000e-02,9.600000000000e-04,1.860410644580e-03,3.720821289160e-05,2.854041064458e-02,9.607207976861e-04,0.033661772,2.757968984689e-02,2.950113144227e-02,35.038038256,1.179442457,24.286517429,0.817527214,0.020000
508.0,2.971000000000e-02,1.060000000000e-03,1.829955755118e-03,3.659911510236e-05,3.153995575512e-02,1.060631649172e-03,0.033628191,3.047932410595e-02,3.260058740429e-02,31.705814928,1.066209193,21.976796224,0.739039896,0.020000
510.0,3.300000000000e-02,1.220000000000e-03,1.800125084628e-03,3.600250169256e-05,3.480012508463e-02,1.220531105760e-03,0.035072607,3.357959397887e-02,3.602065619039e-02,28.735528897,1.007829908,19.917950837,0.698574459,0.020000
512.0,3.569000000000e-02,1.230000000000e-03,1.770903218928e-03,3.541806437856e-05,3.746090321893e-02,1.230509829008e-03,0.032847842,3.623039338992e-02,3.869141304794e-02,26.694497838,0.876856646,18.503215913,0.607790712,0.020000
514.0,3.738000000000e-02,1.230000000000e-03,1.742275190450e-03,3.484550380900e-05,3.912227519045e-02,1.230493481956e-03,0.031452503,3.789178170849e-02,4.035276867241e-02,25.560885586,0.803953833,17.717455776,0.557258333,0.020000
516.0,3.821000000000e-02,1.310000000000e-03,1.714226463345e-03,3.428452926690e-05,3.992422646334e-02,1.310448560206e-03,0.032823393,3.861377790313e-02,4.123467502355e-02,25.047448344,0.822142231,17.361568200,0.569865569,0.020000
518.0,3.878000000000e-02,1.290000000000e-03,1.686742919163e-03,3.373485838326e-05,4.046674291916e-02,1.290441025646e-03,0.031888927,3.917630189351e-02,4.175718394481e-02,24.711650305,0.788028022,17.128810736,0.546219401,0.020000
520.0,3.917000000000e-02,1.290000000000e-03,1.659810843058e-03,3.319621686116e-05,4.082981084306e-02,1.290427056758e-03,0.031605022,3.953938378630e-02,4.212023789982e-02,24.491908715,0.774067306,16.976497472,0.536542571,0.020000
522.0,3.962000000000e-02,1.170000000000e-03,1.633416910520e-03,3.266833821040e-05,4.125341691052e-02,1.170455988203e-03,0.028372340,4.008296092232e-02,4.242387289872e-02,24.240416307,0.687757343,16.802176219,0.476717064,0.020000
524.0,4.017000000000e-02,1.220000000000e-03,1.607548174591e-03,3.215096349182e-05,4.177754817459e-02,1.220423567641e-03,0.029212427,4.055712460695e-02,4.299797174223e-02,23.936301762,0.699237463,16.591380080,0.484674476,0.020000
526.0,4.088000000000e-02,1.180000000000e-03,1.582192053566e-03,3.164384107132e-05,4.246219205357e-02,1.180424217253e-03,0.027799418,4.128176783632e-02,4.364261627082e-02,23.550362137,0.654686356,16.323867117,0.453794002,0.020000
528.0,4.162000000000e-02,1.200000000000e-03,1.557336319142e-03,3.114672638284e-05,4.317733631914e-02,1.200404148012e-03,0.027801718,4.197693217113e-02,4.437774046715e-02,23.160298556,0.643896100,16.053495645,0.446314766,0.020000
530.0,4.242000000000e-02,1.170000000000e-03,1.532969084999e-03,3.065938169998e-05,4.395296908500e-02,1.170401639475e-03,0.026628500,4.278256744552e-02,4.512337072448e-02,22.751591549,0.605840757,15.770201536,0.419936812,0.020000
532.0,4.330000000000e-02,1.250000000000e-03,1.509078795811e-03,3.018157591622e-05,4.480907879581e-02,1.250364317919e-03,0.027904263,4.355871447789e-02,4.605944311373e-02,22.316906013,0.622736814,15.468900481,0.431648267,0.020000
534.0,4.436000000000e-02,1.290000000000e-03,1.485654216642e-03,2.971308433284e-05,4.584565421664e-02,1.290342151284e-03,0.028145354,4.455531206536e-02,4.713599636792e-02,21.812318247,0.613915411,15.119146894,0.425533736,0.020000
536.0,4.541000000000e-02,1.400000000000e-03,1.462684422735e-03,2.925368845470e-05,4.687268442274e-02,1.400305601748e-03,0.029874662,4.547237882099e-02,4.827299002449e-02,21.334387230,0.637357606,14.787870358,0.441782628,0.020000
538.0,4.645000000000e-02,1.360000000000e-03,1.440158789674e-03,2.880317579348e-05,4.789015878967e-02,1.360304974238e-03,0.028404687,4.652985381543e-02,4.925046376391e-02,20.881116816,0.593121589,14.473687248,0.411120557,0.020000
540.0,4.754000000000e-02,1.420000000000e-03,1.418066983887e-03,2.836133967774e-05,4.895806698389e-02,1.420283199080e-03,0.029010198,4.753778378481e-02,5.037835018297e-02,20.425643037,0.592551941,14.157976882,0.410725707,0.020000
542.0,4.882000000000e-02,1.410000000000e-03,1.396398953500e-03,2.792797907000e-05,5.021639895350e-02,1.410276558699e-03,0.028083984,4.880612239480e-02,5.162667551220e-02,19.913813432,0.559259223,13.803203635,0.387648954,0.020000
544.0,5.040000000000e-02,1.500000000000e-03,1.375144919507e-03,2.750289839014e-05,5.177514491951e-02,1.500252115286e-03,0.028976300,5.027489280422e-02,5.327539703480e-02,19.314286837,0.559656564,13.387643466,0.387924369,0.020000
546.0,5.224000000000e-02,1.500000000000e-03,1.354295367267e-03,2.708590734534e-05,5.359429536727e-02,1.500244528861e-03,0.027992616,5.209405083841e-02,5.509453989613e-02,18.658702258,0.522305887,12.933226863,0.362034853,0.020000
548.0,5.425000000000e-02,1.630000000000e-03,1.333841038284e-03,2.667682076568e-05,5.558384103828e-02,1.630218283779e-03,0.029328997,5.395362275450e-02,5.721405932206e-02,17.990840167,0.527653290,12.470300138,0.365741390,0.020000
550.0,5.629000000000e-02,1.840000000000e-03,1.313772922290e-03,2.627545844580e-05,5.760377292229e-02,1.840187599055e-03,0.031945609,5.576358532323e-02,5.944396052135e-02,17.359973996,0.554574939,12.033017030,0.384402056,0.020000
