wavelength_nm,temperature_c,depolarization_ratio,beta_90_per_m_sr,scattering_coefficient_per_m
350.0,20.0,0.039,5.479643199180e-04,9.008916548890e-03
351.0,20.0,0.039,5.411116102187e-04,8.896253210108e-03
352.0,20.0,0.039,5.343682525666e-04,8.785387695441e-03
353.0,20.0,0.039,5.277321053408e-04,8.676284795141e-03
354.0,20.0,0.039,5.212010769254e-04,8.568910121584e-03
355.0,20.0,0.039,5.147731243506e-04,8.463230086914e-03
356.0,20.0,0.039,5.084462519742e-04,8.359211881379e-03
357.0,20.0,0.039,5.022185102053e-04,8.256823452345e-03
358.0,20.0,0.039,4.960879942670e-04,8.156033483943e-03
359.0,20.0,0.039,4.900528429964e-04,8.056811377356e-03
360.0,20.0,0.039,4.841112376822e-04,7.959127231698e-03
361.0,20.0,0.039,4.782614009371e-04,7.862951825480e-03
362.0,20.0,0.039,4.725015956046e-04,7.768256598633e-03
363.0,20.0,0.039,4.668301236988e-04,7.675013635084e-03
364.0,20.0,0.039,4.612453253763e-04,7.583195645845e-03
365.0,20.0,0.039,4.557455779386e-04,7.492775952617e-03
366.0,20.0,0.039,4.503292948642e-04,7.403728471881e-03
367.0,20.0,0.039,4.449949248703e-04,7.316027699460e-03
368.0,20.0,0.039,4.397409510013e-04,7.229648695544e-03
369.0,20.0,0.039,4.345658897448e-04,7.144567070153e-03
370.0,20.0,0.039,4.294682901736e-04,7.060758969027e-03
371.0,20.0,0.039,4.244467331124e-04,6.978201059935e-03
372.0,20.0,0.039,4.194998303296e-04,6.896870519376e-03
373.0,20.0,0.039,4.146262237517e-04,6.816745019673e-03
374.0,20.0,0.039,4.098245847011e-04,6.737802716440e-03
375.0,20.0,0.039,4.050936131561e-04,6.660022236406e-03
376.0,20.0,0.039,4.004320370309e-04,6.583382665596e-03
377.0,20.0,0.039,3.958386114782e-04,6.507863537847e-03
378.0,20.0,0.039,3.913121182099e-04,6.433444823652e-03
379.0,20.0,0.039,3.868513648383e-04,6.360106919322e-03
380.0,20.0,0.039,3.824551842353e-04,6.287830636457e-03
381.0,20.0,0.039,3.781224339101e-04,6.216597191709e-03
382.0,20.0,0.039,3.738519954043e-04,6.146388196839e-03
383.0,20.0,0.039,3.696427737038e-04,6.077185649051e-03
384.0,20.0,0.039,3.654936966675e-04,6.008971921594e-03
385.0,20.0,0.039,3.614037144714e-04,5.941729754628e-03
386.0,20.0,0.039,3.573717990685e-04,5.875442246342e-03
387.0,20.0,0.039,3.533969436636e-04,5.810092844319e-03
388.0,20.0,0.039,3.494781622024e-04,5.745665337136e-03
389.0,20.0,0.039,3.456144888746e-04,5.682143846199e-03
390.0,20.0,0.039,3.418049776312e-04,5.619512817796e-03
391.0,20.0,0.039,3.380487017136e-04,5.557757015373e-03
392.0,20.0,0.039,3.343447531972e-04,5.496861512011e-03
393.0,20.0,0.039,3.306922425459e-04,5.436811683117e-03
394.0,20.0,0.039,3.270902981797e-04,5.377593199304e-03
395.0,20.0,0.039,3.235380660529e-04,5.319192019466e-03
396.0,20.0,0.039,3.200347092447e-04,5.261594384037e-03
397.0,20.0,0.039,3.165794075596e-04,5.204786808432e-03
398.0,20.0,0.039,3.131713571394e-04,5.148756076661e-03
399.0,20.0,0.039,3.098097700851e-04,5.093489235110e-03
400.0,20.0,0.039,3.064938740884e-04,5.038973586494e-03
401.0,20.0,0.039,3.032229120736e-04,4.985196683958e-03
402.0,20.0,0.039,2.999961418486e-04,4.932146325343e-03
403.0,20.0,0.039,2.968128357647e-04,4.879810547598e-03
404.0,20.0,0.039,2.936722803858e-04,4.828177621334e-03
405.0,20.0,0.039,2.905737761659e-04,4.777236045526e-03
406.0,20.0,0.039,2.875166371352e-04,4.726974542350e-03
407.0,20.0,0.039,2.845001905937e-04,4.677382052148e-03
408.0,20.0,0.039,2.815237768136e-04,4.628447728533e-03
409.0,20.0,0.039,2.785867487483e-04,4.580160933608e-03
410.0,20.0,0.039,2.756884717498e-04,4.532511233317e-03
411.0,20.0,0.039,2.728283232929e-04,4.485488392906e-03
412.0,20.0,0.039,2.700056927057e-04,4.439082372507e-03
413.0,20.0,0.039,2.672199809086e-04,4.393283322830e-03
414.0,20.0,0.039,2.644706001580e-04,4.348081580959e-03
415.0,20.0,0.039,2.617569737978e-04,4.303467666265e-03
416.0,20.0,0.039,2.590785360164e-04,4.259432276410e-03
417.0,20.0,0.039,2.564347316101e-04,4.215966283457e-03
418.0,20.0,0.039,2.538250157524e-04,4.173060730079e-03
419.0,20.0,0.039,2.512488537690e-04,4.130706825852e-03
420.0,20.0,0.039,2.487057209177e-04,4.088895943652e-03
421.0,20.0,0.039,2.461951021753e-04,4.047619616135e-03
422.0,20.0,0.039,2.437164920278e-04,4.006869532299e-03
423.0,20.0,0.039,2.412693942675e-04,3.966637534141e-03
424.0,20.0,0.039,2.388533217937e-04,3.926915613386e-03
425.0,20.0,0.039,2.364677964192e-04,3.887695908301e-03
426.0,20.0,0.039,2.341123486809e-04,3.848970700586e-03
427.0,20.0,0.039,2.317865176554e-04,3.810732412335e-03
428.0,20.0,0.039,2.294898507784e-04,3.772973603080e-03
429.0,20.0,0.039,2.272219036698e-04,3.735686966894e-03
430.0,20.0,0.039,2.249822399610e-04,3.698865329578e-03
431.0,20.0,0.039,2.227704311283e-04,3.662501645901e-03
432.0,20.0,0.039,2.205860563289e-04,3.626588996913e-03
433.0,20.0,0.039,2.184287022416e-04,3.591120587324e-03
434.0,20.0,0.039,2.162979629107e-04,3.556089742939e-03
435.0,20.0,0.039,2.141934395940e-04,3.521489908158e-03
436.0,20.0,0.039,2.121147406144e-04,3.487314643535e-03
437.0,20.0,0.039,2.100614812145e-04,3.453557623388e-03
438.0,20.0,0.039,2.080332834151e-04,3.420212633476e-03
439.0,20.0,0.039,2.060297758767e-04,3.387273568719e-03
440.0,20.0,0.039,2.040505937647e-04,3.354734430980e-03
441.0,20.0,0.039,2.020953786169e-04,3.322589326890e-03
442.0,20.0,0.039,2.001637782150e-04,3.290832465732e-03
443.0,20.0,0.039,1.982554464582e-04,3.259458157370e-03
444.0,20.0,0.039,1.963700432403e-04,3.228460810219e-03
445.0,20.0,0.039,1.945072343297e-04,3.197834929277e-03
446.0,20.0,0.039,1.926666912513e-04,3.167575114184e-03
447.0,20.0,0.039,1.908480911721e-04,3.137676057342e-03
448.0,20.0,0.039,1.890511167890e-04,3.108132542063e-03
449.0,20.0,0.039,1.872754562189e-04,3.078939440771e-03
450.0,20.0,0.039,1.855208028913e-04,3.050091713235e-03
451.0,20.0,0.039,1.837868554442e-04,3.021584404851e-03
452.0,20.0,0.039,1.820733176209e-04,2.993412644954e-03
453.0,20.0,0.039,1.803798981705e-04,2.965571645173e-03
454.0,20.0,0.039,1.787063107496e-04,2.938056697822e-03
455.0,20.0,0.039,1.770522738265e-04,2.910863174327e-03
456.0,20.0,0.039,1.754175105882e-04,2.883986523683e-03
457.0,20.0,0.039,1.738017488480e-04,2.857422270956e-03
458.0,20.0,0.039,1.722047209569e-04,2.831166015805e-03
459.0,20.0,0.039,1.706261637155e-04,2.805213431049e-03
460.0,20.0,0.039,1.690658182884e-04,2.779560261255e-03
461.0,20.0,0.039,1.675234301209e-04,2.754202321364e-03
462.0,20.0,0.039,1.659987488566e-04,2.729135495342e-03
463.0,20.0,0.039,1.644915282577e-04,2.704355734867e-03
464.0,20.0,0.039,1.630015261264e-04,2.679859058038e-03
465.0,20.0,0.039,1.615285042280e-04,2.655641548112e-03
466.0,20.0,0.039,1.600722282167e-04,2.631699352277e-03
467.0,20.0,0.039,1.586324675611e-04,2.608028680437e-03
468.0,20.0,0.039,1.572089954732e-04,2.584625804040e-03
469.0,20.0,0.039,1.558015888379e-04,2.561487054915e-03
470.0,20.0,0.039,1.544100281440e-04,2.538608824146e-03
471.0,20.0,0.039,1.530340974171e-04,2.515987560962e-03
472.0,20.0,0.039,1.516735841536e-04,2.493619771658e-03
473.0,20.0,0.039,1.503282792565e-04,2.471502018530e-03
474.0,20.0,0.039,1.489979769717e-04,2.449630918839e-03
475.0,20.0,0.039,1.476824748269e-04,2.428003143797e-03
476.0,20.0,0.039,1.463815735706e-04,2.406615417570e-03
477.0,20.0,0.039,1.450950771130e-04,2.385464516305e-03
478.0,20.0,0.039,1.438227924681e-04,2.364547267178e-03
479.0,20.0,0.039,1.425645296969e-04,2.343860547459e-03
480.0,20.0,0.039,1.413201018518e-04,2.323401283597e-03
481.0,20.0,0.039,1.400893249220e-04,2.303166450329e-03
482.0,20.0,0.039,1.388720177806e-04,2.283153069799e-03
483.0,20.0,0.039,1.376680021319e-04,2.263358210703e-03
484.0,20.0,0.039,1.364771024606e-04,2.243778987446e-03
485.0,20.0,0.039,1.352991459816e-04,2.224412559318e-03
486.0,20.0,0.039,1.341339625908e-04,2.205256129693e-03
487.0,20.0,0.039,1.329813848174e-04,2.186306945232e-03
488.0,20.0,0.039,1.318412477766e-04,2.167562295111e-03
489.0,20.0,0.039,1.307133891232e-04,2.149019510266e-03
490.0,20.0,0.039,1.295976490071e-04,2.130675962646e-03
491.0,20.0,0.039,1.284938700283e-04,2.112529064487e-03
492.0,20.0,0.039,1.274018971942e-04,2.094576267601e-03
493.0,20.0,0.039,1.263215778764e-04,2.076815062672e-03
494.0,20.0,0.039,1.252527617697e-04,2.059242978576e-03
495.0,20.0,0.039,1.241953008509e-04,2.041857581708e-03
496.0,20.0,0.039,1.231490493388e-04,2.024656475324e-03
497.0,20.0,0.039,1.221138636552e-04,2.007637298897e-03
498.0,20.0,0.039,1.210896023863e-04,1.990797727487e-03
499.0,20.0,0.039,1.200761262452e-04,1.974135471118e-03
500.0,20.0,0.039,1.190732980347e-04,1.957648274173e-03
501.0,20.0,0.039,1.180809826115e-04,1.941333914802e-03
502.0,20.0,0.039,1.170990468504e-04,1.925190204333e-03
503.0,20.0,0.039,1.161273596097e-04,1.909214986704e-03
504.0,20.0,0.039,1.151657916969e-04,1.893406137902e-03
505.0,20.0,0.039,1.142142158356e-04,1.877761565412e-03
506.0,20.0,0.039,1.132725066323e-04,1.862279207680e-03
507.0,20.0,0.039,1.123405405448e-04,1.846957033583e-03
508.0,20.0,0.039,1.114181958500e-04,1.831793041910e-03
509.0,20.0,0.039,1.105053526137e-04,1.816785260856e-03
510.0,20.0,0.039,1.096018926596e-04,1.801931747524e-03
511.0,20.0,0.039,1.087076995401e-04,1.787230587431e-03
512.0,20.0,0.039,1.078226585069e-04,1.772679894036e-03
513.0,20.0,0.039,1.069466564824e-04,1.758277808265e-03
514.0,20.0,0.039,1.060795820319e-04,1.744022498051e-03
515.0,20.0,0.039,1.052213253355e-04,1.729912157881e-03
516.0,20.0,0.039,1.043717781618e-04,1.715945008354e-03
517.0,20.0,0.039,1.035308338410e-04,1.702119295742e-03
518.0,20.0,0.039,1.026983872389e-04,1.688433291568e-03
519.0,20.0,0.039,1.018743347317e-04,1.674885292182e-03
520.0,20.0,0.039,1.010585741806e-04,1.661473618354e-03
521.0,20.0,0.039,1.002510049077e-04,1.648196614866e-03
522.0,20.0,0.039,9.945152767162e-05,1.635052650120e-03
523.0,20.0,0.039,9.866004464381e-05,1.622040115748e-03
524.0,20.0,0.039,9.787645938564e-05,1.609157426232e-03
525.0,20.0,0.039,9.710067682547e-05,1.596403018525e-03
526.0,20.0,0.039,9.633260323634e-05,1.583775351693e-03
527.0,20.0,0.039,9.557214621407e-05,1.571272906546e-03
528.0,20.0,0.039,9.481921465574e-05,1.558894185287e-03
529.0,20.0,0.039,9.407371873857e-05,1.546637711167e-03
530.0,20.0,0.039,9.333556989918e-05,1.534502028144e-03
531.0,20.0,0.039,9.260468081330e-05,1.522485700544e-03
532.0,20.0,0.039,9.188096537574e-05,1.510587312738e-03
533.0,20.0,0.039,9.116433868078e-05,1.498805468817e-03
534.0,20.0,0.039,9.045471700299e-05,1.487138792276e-03
535.0,20.0,0.039,8.975201777824e-05,1.475585925703e-03
536.0,20.0,0.039,8.905615958522e-05,1.464145530475e-03
537.0,20.0,0.039,8.836706212718e-05,1.452816286457e-03
538.0,20.0,0.039,8.768464621403e-05,1.441596891709e-03
539.0,20.0,0.039,8.700883374482e-05,1.430486062196e-03
540.0,20.0,0.039,8.633954769046e-05,1.419482531506e-03
541.0,20.0,0.039,8.567671207678e-05,1.408585050571e-03
542.0,20.0,0.039,8.502025196788e-05,1.397792387393e-03
543.0,20.0,0.039,8.437009344984e-05,1.387103326774e-03
544.0,20.0,0.039,8.372616361461e-05,1.376516670055e-03
545.0,20.0,0.039,8.308839054431e-05,1.366031234857e-03
546.0,20.0,0.039,8.245670329568e-05,1.355645854822e-03
547.0,20.0,0.039,8.183103188494e-05,1.345359379368e-03
548.0,20.0,0.039,8.121130727283e-05,1.335170673442e-03
549.0,20.0,0.039,8.059746134989e-05,1.325078617276e-03
550.0,20.0,0.039,7.998942692213e-05,1.315082106154e-03
551.0,20.0,0.039,7.938713769679e-05,1.305180050177e-03
552.0,20.0,0.039,7.879052826848e-05,1.295371374034e-03
553.0,20.0,0.039,7.819953410547e-05,1.285655016779e-03
554.0,20.0,0.039,7.761409153630e-05,1.276029931608e-03
555.0,20.0,0.039,7.703413773653e-05,1.266495085643e-03
556.0,20.0,0.039,7.645961071583e-05,1.257049459721e-03
557.0,20.0,0.039,7.589044930520e-05,1.247692048180e-03
558.0,20.0,0.039,7.532659314446e-05,1.238421858657e-03
559.0,20.0,0.039,7.476798266994e-05,1.229237911883e-03
560.0,20.0,0.039,7.421455910239e-05,1.220139241486e-03
561.0,20.0,0.039,7.366626443510e-05,1.211124893795e-03
562.0,20.0,0.039,7.312304142222e-05,1.202193927649e-03
563.0,20.0,0.039,7.258483356725e-05,1.193345414205e-03
564.0,20.0,0.039,7.205158511180e-05,1.184578436758e-03
565.0,20.0,0.039,7.152324102447e-05,1.175892090551e-03
566.0,20.0,0.039,7.099974698995e-05,1.167285482603e-03
567.0,20.0,0.039,7.048104939831e-05,1.158757731530e-03
568.0,20.0,0.039,6.996709533447e-05,1.150307967370e-03
569.0,20.0,0.039,6.945783256782e-05,1.141935331417e-03
570.0,20.0,0.039,6.895320954204e-05,1.133638976047e-03
571.0,20.0,0.039,6.845317536513e-05,1.125418064562e-03
572.0,20.0,0.039,6.795767979951e-05,1.117271771019e-03
573.0,20.0,0.039,6.746667325238e-05,1.109199280079e-03
574.0,20.0,0.039,6.698010676620e-05,1.101199786845e-03
575.0,20.0,0.039,6.649793200931e-05,1.093272496711e-03
576.0,20.0,0.039,6.602010126675e-05,1.085416625211e-03
577.0,20.0,0.039,6.554656743124e-05,1.077631397867e-03
578.0,20.0,0.039,6.507728399423e-05,1.069916050045e-03
579.0,20.0,0.039,6.461220503716e-05,1.062269826814e-03
580.0,20.0,0.039,6.415128522290e-05,1.054691982798e-03
581.0,20.0,0.039,6.369447978726e-05,1.047181782044e-03
582.0,20.0,0.039,6.324174453063e-05,1.039738497879e-03
583.0,20.0,0.039,6.279303580987e-05,1.032361412778e-03
584.0,20.0,0.039,6.234831053021e-05,1.025049818234e-03
585.0,20.0,0.039,6.190752613732e-05,1.017803014625e-03
586.0,20.0,0.039,6.147064060956e-05,1.010620311084e-03
587.0,20.0,0.039,6.103761245029e-05,1.003501025378e-03
588.0,20.0,0.039,6.060840068035e-05,9.964444837806e-04
589.0,20.0,0.039,6.018296483061e-05,9.894500209517e-04
590.0,20.0,0.039,5.976126493472e-05,9.825169798163e-04
591.0,20.0,0.039,5.934326152190e-05,9.756447114471e-04
592.0,20.0,0.039,5.892891560990e-05,9.688325749487e-04
593.0,20.0,0.039,5.851818869805e-05,9.620799373429e-04
594.0,20.0,0.039,5.811104276039e-05,9.553861734568e-04
595.0,20.0,0.039,5.770744023901e-05,9.487506658116e-04
596.0,20.0,0.039,5.730734403736e-05,9.421728045145e-04
597.0,20.0,0.039,5.691071751380e-05,9.356519871512e-04
598.0,20.0,0.039,5.651752447516e-05,9.291876186805e-04
599.0,20.0,0.039,5.612772917043e-05,9.227791113310e-04
600.0,20.0,0.039,5.574129628458e-05,9.164258844989e-04
601.0,20.0,0.039,5.535819093243e-05,9.101273646474e-04
602.0,20.0,0.039,5.497837865266e-05,9.038829852082e-04
603.0,20.0,0.039,5.460182540187e-05,8.976921864841e-04
604.0,20.0,0.039,5.422849754878e-05,8.915544155534e-04
605.0,20.0,0.039,5.385836186850e-05,8.854691261756e-04
606.0,20.0,0.039,5.349138553687e-05,8.794357786986e-04
607.0,20.0,0.039,5.312753612494e-05,8.734538399677e-04
608.0,20.0,0.039,5.276678159347e-05,8.675227832356e-04
609.0,20.0,0.039,5.240909028760e-05,8.616420880739e-04
610.0,20.0,0.039,5.205443093149e-05,8.558112402864e-04
611.0,20.0,0.039,5.170277262318e-05,8.500297318229e-04
612.0,20.0,0.039,5.135408482940e-05,8.442970606952e-04
613.0,20.0,0.039,5.100833738055e-05,8.386127308941e-04
614.0,20.0,0.039,5.066550046573e-05,8.329762523074e-04
615.0,20.0,0.039,5.032554462781e-05,8.273871406394e-04
616.0,20.0,0.039,4.998844075867e-05,8.218449173321e-04
617.0,20.0,0.039,4.965416009438e-05,8.163491094864e-04
618.0,20.0,0.039,4.932267421058e-05,8.108992497862e-04
619.0,20.0,0.039,4.899395501786e-05,8.054948764219e-04
620.0,20.0,0.039,4.866797475725e-05,8.001355330164e-04
621.0,20.0,0.039,4.834470599572e-05,7.948207685516e-04
622.0,20.0,0.039,4.802412162182e-05,7.895501372961e-04
623.0,20.0,0.039,4.770619484132e-05,7.843231987345e-04
624.0,20.0,0.039,4.739089917299e-05,7.791395174966e-04
625.0,20.0,0.039,4.707820844438e-05,7.739986632891e-04
626.0,20.0,0.039,4.676809678770e-05,7.689002108273e-04
627.0,20.0,0.039,4.646053863573e-05,7.638437397682e-04
628.0,20.0,0.039,4.615550871782e-05,7.588288346449e-04
629.0,20.0,0.039,4.585298205597e-05,7.538550848014e-04
630.0,20.0,0.039,4.555293396089e-05,7.489220843286e-04
631.0,20.0,0.039,4.525534002822e-05,7.440294320017e-04
632.0,20.0,0.039,4.496017613472e-05,7.391767312179e-04
633.0,20.0,0.039,4.466741843457e-05,7.343635899352e-04
634.0,20.0,0.039,4.437704335574e-05,7.295896206127e-04
635.0,20.0,0.039,4.408902759630e-05,7.248544401507e-04
636.0,20.0,0.039,4.380334812096e-05,7.201576698328e-04
637.0,20.0,0.039,4.351998215752e-05,7.154989352681e-04
638.0,20.0,0.039,4.323890719343e-05,7.108778663346e-04
639.0,20.0,0.039,4.296010097241e-05,7.062940971233e-04
640.0,20.0,0.039,4.268354149107e-05,7.017472658833e-04
641.0,20.0,0.039,4.240920699564e-05,6.972370149675e-04
642.0,20.0,0.039,4.213707597874e-05,6.927629907792e-04
643.0,20.0,0.039,4.186712717612e-05,6.883248437195e-04
644.0,20.0,0.039,4.159933956357e-05,6.839222281355e-04
645.0,20.0,0.039,4.133369235376e-05,6.795548022693e-04
646.0,20.0,0.039,4.107016499323e-05,6.752222282072e-04
647.0,20.0,0.039,4.080873715931e-05,6.709241718308e-04
648.0,20.0,0.039,4.054938875722e-05,6.666603027674e-04
649.0,20.0,0.039,4.029209991708e-05,6.624302943425e-04
650.0,20.0,0.039,4.003685099105e-05,6.582338235319e-04
651.0,20.0,0.039,3.978362255048e-05,6.540705709149e-04
652.0,20.0,0.039,3.953239538311e-05,6.499402206286e-04
653.0,20.0,0.039,3.928315049028e-05,6.458424603218e-04
654.0,20.0,0.039,3.903586908427e-05,6.417769811111e-04
655.0,20.0,0.039,3.879053258554e-05,6.377434775358e-04
656.0,20.0,0.039,3.854712262011e-05,6.337416475152e-04
657.0,20.0,0.039,3.830562101700e-05,6.297711923053e-04
658.0,20.0,0.039,3.806600980559e-05,6.258318164567e-04
659.0,20.0,0.039,3.782827121311e-05,6.219232277726e-04
660.0,20.0,0.039,3.759238766216e-05,6.180451372684e-04
661.0,20.0,0.039,3.735834176824e-05,6.141972591305e-04
662.0,20.0,0.039,3.712611633731e-05,6.103793106771e-04
663.0,20.0,0.039,3.689569436341e-05,6.065910123182e-04
664.0,20.0,0.039,3.666705902629e-05,6.028320875171e-04
665.0,20.0,0.039,3.644019368911e-05,5.991022627526e-04
666.0,20.0,0.039,3.621508189611e-05,5.954012674804e-04
667.0,20.0,0.039,3.599170737038e-05,5.917288340969e-04
668.0,20.0,0.039,3.577005401162e-05,5.880846979018e-04
669.0,20.0,0.039,3.555010589395e-05,5.844685970625e-04
670.0,20.0,0.039,3.533184726375e-05,5.808802725784e-04
671.0,20.0,0.039,3.511526253748e-05,5.773194682454e-04
672.0,20.0,0.039,3.490033629965e-05,5.737859306218e-04
673.0,20.0,0.039,3.468705330067e-05,5.702794089939e-04
674.0,20.0,0.039,3.447539845486e-05,5.667996553425e-04
675.0,20.0,0.039,3.426535683839e-05,5.633464243095e-04
676.0,20.0,0.039,3.405691368732e-05,5.599194731652e-04
677.0,20.0,0.039,3.385005439561e-05,5.565185617762e-04
678.0,20.0,0.039,3.364476451322e-05,5.531434525736e-04
679.0,20.0,0.039,3.344102974414e-05,5.497939105214e-04
680.0,20.0,0.039,3.323883594459e-05,5.464697030855e-04
681.0,20.0,0.039,3.303816912110e-05,5.431706002037e-04
682.0,20.0,0.039,3.283901542869e-05,5.398963742548e-04
683.0,20.0,0.039,3.264136116908e-05,5.366468000296e-04
684.0,20.0,0.039,3.244519278892e-05,5.334216547014e-04
685.0,20.0,0.039,3.225049687799e-05,5.302207177969e-04
686.0,20.0,0.039,3.205726016751e-05,5.270437711680e-04
687.0,20.0,0.039,3.186546952839e-05,5.238905989635e-04
688.0,20.0,0.039,3.167511196961e-05,5.207609876016e-04
689.0,20.0,0.039,3.148617463648e-05,5.176547257424e-04
690.0,20.0,0.039,3.129864480905e-05,5.145716042610e-04
691.0,20.0,0.039,3.111250990047e-05,5.115114162209e-04
692.0,20.0,0.039,3.092775745541e-05,5.084739568477e-04
693.0,20.0,0.039,3.074437514848e-05,5.054590235032e-04
694.0,20.0,0.039,3.056235078267e-05,5.024664156603e-04
695.0,20.0,0.039,3.038167228782e-05,4.994959348769e-04
696.0,20.0,0.039,3.020232771911e-05,4.965473847721e-04
697.0,20.0,0.039,3.002430525559e-05,4.936205710008e-04
698.0,20.0,0.039,2.984759319867e-05,4.907153012303e-04
699.0,20.0,0.039,2.967217997070e-05,4.878313851158e-04
700.0,20.0,0.039,2.949805411350e-05,4.849686342770e-04
