wavelength_nm,absorption_per_m,absorption_uncertainty_per_m,molecular_scattering_per_m,attenuation_per_m,absorption_fraction,scattering_fraction,model_temperature_c,depolarization_ratio
350.0,8.900000000000e-04,3.300000000000e-04,8.999596205244e-03,9.889596205244e-03,0.089993563,0.910006437,23.0,0.039
352.0,9.400000000000e-04,3.600000000000e-04,8.776301458359e-03,9.716301458359e-03,0.096744631,0.903255369,23.0,0.039
354.0,9.700000000000e-04,3.400000000000e-04,8.560050616577e-03,9.530050616577e-03,0.101783300,0.898216700,23.0,0.039
356.0,9.800000000000e-04,3.200000000000e-04,8.350572014292e-03,9.330572014292e-03,0.105031074,0.894968926,23.0,0.039
358.0,9.900000000000e-04,3.100000000000e-04,8.147606428434e-03,9.137606428434e-03,0.108343471,0.891656529,23.0,0.039
360.0,1.060000000000e-03,3.300000000000e-04,7.950906417364e-03,9.010906417364e-03,0.117635225,0.882364775,23.0,0.039
362.0,1.150000000000e-03,3.500000000000e-04,7.760235699738e-03,8.910235699738e-03,0.129065048,0.870934952,23.0,0.039
364.0,1.200000000000e-03,3.500000000000e-04,7.575368570623e-03,8.775368570623e-03,0.136746393,0.863253607,23.0,0.039
366.0,1.210000000000e-03,3.200000000000e-04,7.396089352376e-03,8.606089352376e-03,0.140598122,0.859401878,23.0,0.039
368.0,1.220000000000e-03,3.200000000000e-04,7.222191877956e-03,8.442191877956e-03,0.144512233,0.855487767,23.0,0.039
370.0,1.240000000000e-03,3.300000000000e-04,7.053479004540e-03,8.293479004540e-03,0.149515059,0.850484941,23.0,0.039
372.0,1.270000000000e-03,3.400000000000e-04,6.889762155435e-03,8.159762155435e-03,0.155641791,0.844358209,23.0,0.039
374.0,1.290000000000e-03,3.300000000000e-04,6.730860888458e-03,8.020860888458e-03,0.160830616,0.839169384,23.0,0.039
376.0,1.330000000000e-03,3.100000000000e-04,6.576602489062e-03,7.906602489062e-03,0.168213844,0.831786156,23.0,0.039
378.0,1.370000000000e-03,2.900000000000e-04,6.426821586622e-03,7.796821586622e-03,0.175712627,0.824287373,23.0,0.039
380.0,1.430000000000e-03,2.900000000000e-04,6.281359792400e-03,7.711359792400e-03,0.185440705,0.814559295,23.0,0.039
382.0,1.470000000000e-03,2.800000000000e-04,6.140065357832e-03,7.610065357832e-03,0.193165227,0.806834773,23.0,0.039
384.0,1.510000000000e-03,2.900000000000e-04,6.002792851830e-03,7.512792851830e-03,0.200990501,0.799009499,23.0,0.039
386.0,1.550000000000e-03,2.900000000000e-04,5.869402855952e-03,7.419402855952e-03,0.208911691,0.791088309,23.0,0.039
388.0,1.620000000000e-03,3.100000000000e-04,5.739761676293e-03,7.359761676293e-03,0.220115823,0.779884177,23.0,0.039
390.0,1.700000000000e-03,3.000000000000e-04,5.613741071094e-03,7.313741071094e-03,0.232439183,0.767560817,23.0,0.039
392.0,1.750000000000e-03,2.900000000000e-04,5.491217993107e-03,7.241217993107e-03,0.241672050,0.758327950,23.0,0.039
394.0,1.850000000000e-03,2.800000000000e-04,5.372074345802e-03,7.222074345802e-03,0.256159091,0.743840909,23.0,0.039
396.0,1.960000000000e-03,2.800000000000e-04,5.256196752604e-03,7.216196752604e-03,0.271611219,0.728388781,23.0,0.039
398.0,2.080000000000e-03,2.800000000000e-04,5.143476338366e-03,7.223476338366e-03,0.287949998,0.712050002,23.0,0.039
400.0,2.220000000000e-03,2.700000000000e-04,5.033808522356e-03,7.253808522356e-03,0.306046126,0.693953874,23.0,0.039
402.0,2.370000000000e-03,2.700000000000e-04,4.927092822081e-03,7.297092822081e-03,0.324786879,0.675213121,23.0,0.039
404.0,2.480000000000e-03,2.800000000000e-04,4.823232667298e-03,7.303232667298e-03,0.339575653,0.660424347,23.0,0.039
406.0,2.570000000000e-03,2.900000000000e-04,4.722135223641e-03,7.292135223641e-03,0.352434496,0.647565504,23.0,0.039
408.0,2.590000000000e-03,3.100000000000e-04,4.623711225286e-03,7.213711225286e-03,0.359038492,0.640961508,23.0,0.039
410.0,2.660000000000e-03,3.200000000000e-04,4.527874816150e-03,7.187874816150e-03,0.370067658,0.629932342,23.0,0.039
412.0,2.710000000000e-03,2.900000000000e-04,4.434543399123e-03,7.144543399123e-03,0.379310454,0.620689546,23.0,0.039
414.0,2.800000000000e-03,2.900000000000e-04,4.343637492892e-03,7.143637492892e-03,0.391957179,0.608042821,23.0,0.039
416.0,2.880000000000e-03,3.000000000000e-04,4.255080595916e-03,7.135080595916e-03,0.403639449,0.596360551,23.0,0.039
418.0,3.000000000000e-03,3.100000000000e-04,4.168799057154e-03,7.168799057154e-03,0.418480135,0.581519865,23.0,0.039
420.0,3.120000000000e-03,3.000000000000e-04,4.084721953181e-03,7.204721953181e-03,0.433049328,0.566950672,23.0,0.039
422.0,3.220000000000e-03,2.900000000000e-04,4.002780971318e-03,7.222780971318e-03,0.445811664,0.554188336,23.0,0.039
424.0,3.310000000000e-03,2.900000000000e-04,3.922910298468e-03,7.232910298468e-03,0.457630451,0.542369549,23.0,0.039
426.0,3.440000000000e-03,3.000000000000e-04,3.845046515327e-03,7.285046515327e-03,0.472200142,0.527799858,23.0,0.039
428.0,3.580000000000e-03,3.100000000000e-04,3.769128495696e-03,7.349128495696e-03,0.487132590,0.512867410,23.0,0.039
430.0,3.760000000000e-03,3.100000000000e-04,3.695097310597e-03,7.455097310597e-03,0.504352907,0.495647093,23.0,0.039
432.0,3.950000000000e-03,3.400000000000e-04,3.622896136960e-03,7.572896136960e-03,0.521597012,0.478402988,23.0,0.039
434.0,4.170000000000e-03,3.600000000000e-04,3.552470170618e-03,7.722470170618e-03,0.539982662,0.460017338,23.0,0.039
436.0,4.420000000000e-03,3.800000000000e-04,3.483766543389e-03,7.903766543389e-03,0.559227044,0.440772956,23.0,0.039
438.0,4.800000000000e-03,3.600000000000e-04,3.416734244034e-03,8.216734244034e-03,0.584173694,0.415826306,23.0,0.039
440.0,5.220000000000e-03,3.800000000000e-04,3.351324042880e-03,8.571324042880e-03,0.609007427,0.390992573,23.0,0.039
442.0,5.740000000000e-03,4.000000000000e-04,3.287488419921e-03,9.027488419921e-03,0.635835764,0.364164236,23.0,0.039
444.0,6.260000000000e-03,5.000000000000e-04,3.225181496220e-03,9.485181496220e-03,0.659976828,0.340023172,23.0,0.039
446.0,6.910000000000e-03,5.700000000000e-04,3.164358968437e-03,1.007435896844e-02,0.685899720,0.314100280,23.0,0.039
448.0,7.510000000000e-03,5.500000000000e-04,3.104978046325e-03,1.061497804633e-02,0.707490865,0.292509135,23.0,0.039
450.0,8.080000000000e-03,5.200000000000e-04,3.046997393049e-03,1.112699739305e-02,0.726161759,0.273838241,23.0,0.039
452.0,8.420000000000e-03,4.400000000000e-04,2.990377068171e-03,1.141037706817e-02,0.737924781,0.262075219,23.0,0.039
454.0,8.630000000000e-03,4.800000000000e-04,2.935078473185e-03,1.156507847319e-02,0.746211971,0.253788029,23.0,0.039
456.0,8.770000000000e-03,4.500000000000e-04,2.881064299463e-03,1.165106429946e-02,0.752720934,0.247279066,23.0,0.039
458.0,8.930000000000e-03,5.600000000000e-04,2.828298478487e-03,1.175829847849e-02,0.759463626,0.240536374,23.0,0.039
460.0,9.090000000000e-03,5.200000000000e-04,2.776746134281e-03,1.186674613428e-02,0.766006106,0.233993894,23.0,0.039
462.0,9.330000000000e-03,5.700000000000e-04,2.726373537891e-03,1.205637353789e-02,0.773864543,0.226135457,23.0,0.039
464.0,9.550000000000e-03,5.100000000000e-04,2.677148063863e-03,1.222714806386e-02,0.781048855,0.218951145,23.0,0.039
466.0,9.790000000000e-03,5.100000000000e-04,2.629038148577e-03,1.241903814858e-02,0.788305816,0.211694184,23.0,0.039
468.0,9.990000000000e-03,4.600000000000e-04,2.582013250379e-03,1.257201325038e-02,0.794622134,0.205377866,23.0,0.039
470.0,1.030000000000e-02,4.200000000000e-04,2.536043811410e-03,1.283604381141e-02,0.802427925,0.197572075,23.0,0.039
472.0,1.065000000000e-02,4.500000000000e-04,2.491101221051e-03,1.314110122105e-02,0.810434363,0.189565637,23.0,0.039
474.0,1.100000000000e-02,4.200000000000e-04,2.447157780913e-03,1.344715778091e-02,0.818016727,0.181983273,23.0,0.039
476.0,1.138000000000e-02,4.400000000000e-04,2.404186671298e-03,1.378418667130e-02,0.825583712,0.174416288,23.0,0.039
478.0,1.177000000000e-02,4.600000000000e-04,2.362161919053e-03,1.413216191905e-02,0.832852048,0.167147952,23.0,0.039
480.0,1.214000000000e-02,5.200000000000e-04,2.321058366764e-03,1.446105836676e-02,0.839495955,0.160504045,23.0,0.039
482.0,1.254000000000e-02,6.000000000000e-04,2.280851643226e-03,1.482085164323e-02,0.846105224,0.153894776,23.0,0.039
484.0,1.294000000000e-02,5.500000000000e-04,2.241518135114e-03,1.518151813511e-02,0.852352175,0.147647825,23.0,0.039
486.0,1.336000000000e-02,5.300000000000e-04,2.203034959826e-03,1.556303495983e-02,0.858444387,0.141555613,23.0,0.039
488.0,1.391000000000e-02,4.900000000000e-04,2.165379939420e-03,1.607537993942e-02,0.865298366,0.134701634,23.0,0.039
490.0,1.460000000000e-02,5.400000000000e-04,2.128531575614e-03,1.672853157561e-02,0.872760405,0.127239595,23.0,0.039
492.0,1.545000000000e-02,5.500000000000e-04,2.092469025784e-03,1.754246902578e-02,0.880719811,0.119280189,23.0,0.039
494.0,1.648000000000e-02,5.400000000000e-04,2.057172079930e-03,1.853717207993e-02,0.889024492,0.110975508,23.0,0.039
496.0,1.774000000000e-02,5.800000000000e-04,2.022621138556e-03,1.976262113856e-02,0.897654207,0.102345793,23.0,0.039
498.0,1.926000000000e-02,6.800000000000e-04,1.988797191430e-03,2.124879719143e-02,0.906404246,0.093595754,23.0,0.039
500.0,2.073000000000e-02,7.400000000000e-04,1.955681797182e-03,2.268568179718e-02,0.913792241,0.086207759,23.0,0.039
502.0,2.242000000000e-02,8.500000000000e-04,1.923257063698e-03,2.434325706370e-02,0.920994259,0.079005741,23.0,0.039
504.0,2.424000000000e-02,8.400000000000e-04,1.891505629288e-03,2.613150562929e-02,0.927615896,0.072384104,23.0,0.039
506.0,2.668000000000e-02,9.600000000000e-04,1.860410644580e-03,2.854041064458e-02,0.934814861,0.065185139,23.0,0.039
508.0,2.971000000000e-02,1.060000000000e-03,1.829955755118e-03,3.153995575512e-02,0.941979762,0.058020238,23.0,0.039
510.0,3.300000000000e-02,1.220000000000e-03,1.800125084628e-03,3.480012508463e-02,0.948272454,0.051727546,23.0,0.039
512.0,3.569000000000e-02,1.230000000000e-03,1.770903218928e-03,3.746090321893e-02,0.952726628,0.047273372,23.0,0.039
514.0,3.738000000000e-02,1.230000000000e-03,1.742275190450e-03,3.912227519045e-02,0.955465903,0.044534097,23.0,0.039
516.0,3.821000000000e-02,1.310000000000e-03,1.714226463345e-03,3.992422646334e-02,0.957063001,0.042936999,23.0,0.039
518.0,3.878000000000e-02,1.290000000000e-03,1.686742919163e-03,4.046674291916e-02,0.958317799,0.041682201,23.0,0.039
520.0,3.917000000000e-02,1.290000000000e-03,1.659810843058e-03,4.082981084306e-02,0.959348064,0.040651936,23.0,0.039
522.0,3.962000000000e-02,1.170000000000e-03,1.633416910520e-03,4.125341691052e-02,0.960405294,0.039594706,23.0,0.039
524.0,4.017000000000e-02,1.220000000000e-03,1.607548174591e-03,4.177754817459e-02,0.961521242,0.038478758,23.0,0.039
526.0,4.088000000000e-02,1.180000000000e-03,1.582192053566e-03,4.246219205357e-02,0.962738804,0.037261196,23.0,0.039
528.0,4.162000000000e-02,1.200000000000e-03,1.557336319142e-03,4.317733631914e-02,0.963931626,0.036068374,23.0,0.039
530.0,4.242000000000e-02,1.170000000000e-03,1.532969084999e-03,4.395296908500e-02,0.965122514,0.034877486,23.0,0.039
532.0,4.330000000000e-02,1.250000000000e-03,1.509078795811e-03,4.480907879581e-02,0.966322030,0.033677970,23.0,0.039
534.0,4.436000000000e-02,1.290000000000e-03,1.485654216642e-03,4.584565421664e-02,0.967594437,0.032405563,23.0,0.039
536.0,4.541000000000e-02,1.400000000000e-03,1.462684422735e-03,4.687268442274e-02,0.968794524,0.031205476,23.0,0.039
538.0,4.645000000000e-02,1.360000000000e-03,1.440158789674e-03,4.789015878967e-02,0.969927876,0.030072124,23.0,0.039
540.0,4.754000000000e-02,1.420000000000e-03,1.418066983887e-03,4.895806698389e-02,0.971035070,0.028964930,23.0,0.039
542.0,4.882000000000e-02,1.410000000000e-03,1.396398953500e-03,5.021639895350e-02,0.972192372,0.027807628,23.0,0.039
544.0,5.040000000000e-02,1.500000000000e-03,1.375144919507e-03,5.177514491951e-02,0.973440057,0.026559943,23.0,0.039
546.0,5.224000000000e-02,1.500000000000e-03,1.354295367267e-03,5.359429536727e-02,0.974730606,0.025269394,23.0,0.039
548.0,5.425000000000e-02,1.630000000000e-03,1.333841038284e-03,5.558384103828e-02,0.976003079,0.023996921,23.0,0.039
550.0,5.629000000000e-02,1.840000000000e-03,1.313772922290e-03,5.760377292229e-02,0.977192936,0.022807064,23.0,0.039
