record_id,source,doi,wavelength_nm,absorption_per_m,uncertainty_per_m,temperature_C,medium,measurement_method,source_table,source_role,quality_flag,permitted_use,notes
MASON-2016-001,Mason_Cone_Fry_2016,10.1364/AO.55.007163,250,0.058710,0.017790,23 ± 0.5,pure_water,ICAM-II_scattering-independent_integrating_cavity,Table_2,primary_experimental_dataset,source_reported,absorption_only,Table values converted from ×10^-3 m^-1 to m^-1; no interpolation; does not provide scattering or total attenuation.
MASON-2016-002,Mason_Cone_Fry_2016,10.1364/AO.55.007163,260,0.051500,0.012440,23 ± 0.5,pure_water,ICAM-II_scattering-independent_integrating_cavity,Table_2,primary_experimental_dataset,source_reported,absorption_only,Table values converted from ×10^-3 m^-1 to m^-1; no interpolation; does not provide scattering or total attenuation.
MASON-2016-003,Mason_Cone_Fry_2016,10.1364/AO.55.007163,270,0.043570,0.008190,23 ± 0.5,pure_water,ICAM-II_scattering-independent_integrating_cavity,Table_2,primary_experimental_dataset,source_reported,absorption_only,Table values converted from ×10^-3 m^-1 to m^-1; no interpolation; does not provide scattering or total attenuation.
MASON-2016-004,Mason_Cone_Fry_2016,10.1364/AO.55.007163,280,0.022300,0.003340,23 ± 0.5,pure_water,ICAM-II_scattering-independent_integrating_cavity,Table_2,primary_experimental_dataset,source_reported,absorption_only,Table values converted from ×10^-3 m^-1 to m^-1; no interpolation; does not provide scattering or total attenuation.
MASON-2016-005,Mason_Cone_Fry_2016,10.1364/AO.55.007163,290,0.009390,0.002000,23 ± 0.5,pure_water,ICAM-II_scattering-independent_integrating_cavity,Table_2,primary_experimental_dataset,source_reported,absorption_only,Table values converted from ×10^-3 m^-1 to m^-1; no interpolation; does not provide scattering or total attenuation.
MASON-2016-006,Mason_Cone_Fry_2016,10.1364/AO.55.007163,300,0.004670,0.000960,23 ± 0.5,pure_water,ICAM-II_scattering-independent_integrating_cavity,Table_2,primary_experimental_dataset,source_reported,absorption_only,Table values converted from ×10^-3 m^-1 to m^-1; no interpolation; does not provide scattering or total attenuation.
MASON-2016-007,Mason_Cone_Fry_2016,10.1364/AO.55.007163,302,0.004330,0.001180,23 ± 0.5,pure_water,ICAM-II_scattering-independent_integrating_cavity,Table_2,primary_experimental_dataset,source_reported,absorption_only,Table values converted from ×10^-3 m^-1 to m^-1; no interpolation; does not provide scattering or total attenuation.
MASON-2016-008,Mason_Cone_Fry_2016,10.1364/AO.55.007163,304,0.003560,0.000870,23 ± 0.5,pure_water,ICAM-II_scattering-independent_integrating_cavity,Table_2,primary_experimental_dataset,source_reported,absorption_only,Table values converted from ×10^-3 m^-1 to m^-1; no interpolation; does not provide scattering or total attenuation.
MASON-2016-009,Mason_Cone_Fry_2016,10.1364/AO.55.007163,306,0.003130,0.000750,23 ± 0.5,pure_water,ICAM-II_scattering-independent_integrating_cavity,Table_2,primary_experimental_dataset,source_reported,absorption_only,Table values converted from ×10^-3 m^-1 to m^-1; no interpolation; does not provide scattering or total attenuation.
MASON-2016-010,Mason_Cone_Fry_2016,10.1364/AO.55.007163,308,0.002750,0.000780,23 ± 0.5,pure_water,ICAM-II_scattering-independent_integrating_cavity,Table_2,primary_experimental_dataset,source_reported,absorption_only,Table values converted from ×10^-3 m^-1 to m^-1; no interpolation; does not provide scattering or total attenuation.
MASON-2016-011,Mason_Cone_Fry_2016,10.1364/AO.55.007163,310,0.002360,0.000640,23 ± 0.5,pure_water,ICAM-II_scattering-independent_integrating_cavity,Table_2,primary_experimental_dataset,source_reported,absorption_only,Table values converted from ×10^-3 m^-1 to m^-1; no interpolation; does not provide scattering or total attenuation.
MASON-2016-012,Mason_Cone_Fry_2016,10.1364/AO.55.007163,312,0.002050,0.000610,23 ± 0.5,pure_water,ICAM-II_scattering-independent_integrating_cavity,Table_2,primary_experimental_dataset,source_reported,absorption_only,Table values converted from ×10^-3 m^-1 to m^-1; no interpolation; does not provide scattering or total attenuation.
MASON-2016-013,Mason_Cone_Fry_2016,10.1364/AO.55.007163,314,0.001850,0.000470,23 ± 0.5,pure_water,ICAM-II_scattering-independent_integrating_cavity,Table_2,primary_experimental_dataset,source_reported,absorption_only,Table values converted from ×10^-3 m^-1 to m^-1; no interpolation; does not provide scattering or total attenuation.
MASON-2016-014,Mason_Cone_Fry_2016,10.1364/AO.55.007163,316,0.001760,0.000540,23 ± 0.5,pure_water,ICAM-II_scattering-independent_integrating_cavity,Table_2,primary_experimental_dataset,source_reported,absorption_only,Table values converted from ×10^-3 m^-1 to m^-1; no interpolation; does not provide scattering or total attenuation.
MASON-2016-015,Mason_Cone_Fry_2016,10.1364/AO.55.007163,318,0.001630,0.000450,23 ± 0.5,pure_water,ICAM-II_scattering-independent_integrating_cavity,Table_2,primary_experimental_dataset,source_reported,absorption_only,Table values converted from ×10^-3 m^-1 to m^-1; no interpolation; does not provide scattering or total attenuation.
MASON-2016-016,Mason_Cone_Fry_2016,10.1364/AO.55.007163,320,0.001470,0.000390,23 ± 0.5,pure_water,ICAM-II_scattering-independent_integrating_cavity,Table_2,primary_experimental_dataset,source_reported,absorption_only,Table values converted from ×10^-3 m^-1 to m^-1; no interpolation; does not provide scattering or total attenuation.
MASON-2016-017,Mason_Cone_Fry_2016,10.1364/AO.55.007163,322,0.001330,0.000350,23 ± 0.5,pure_water,ICAM-II_scattering-independent_integrating_cavity,Table_2,primary_experimental_dataset,source_reported,absorption_only,Table values converted from ×10^-3 m^-1 to m^-1; no interpolation; does not provide scattering or total attenuation.
MASON-2016-018,Mason_Cone_Fry_2016,10.1364/AO.55.007163,324,0.001240,0.000390,23 ± 0.5,pure_water,ICAM-II_scattering-independent_integrating_cavity,Table_2,primary_experimental_dataset,source_reported,absorption_only,Table values converted from ×10^-3 m^-1 to m^-1; no interpolation; does not provide scattering or total attenuation.
MASON-2016-019,Mason_Cone_Fry_2016,10.1364/AO.55.007163,326,0.001180,0.000420,23 ± 0.5,pure_water,ICAM-II_scattering-independent_integrating_cavity,Table_2,primary_experimental_dataset,source_reported,absorption_only,Table values converted from ×10^-3 m^-1 to m^-1; no interpolation; does not provide scattering or total attenuation.
MASON-2016-020,Mason_Cone_Fry_2016,10.1364/AO.55.007163,328,0.001120,0.000400,23 ± 0.5,pure_water,ICAM-II_scattering-independent_integrating_cavity,Table_2,primary_experimental_dataset,source_reported,absorption_only,Table values converted from ×10^-3 m^-1 to m^-1; no interpolation; does not provide scattering or total attenuation.
MASON-2016-021,Mason_Cone_Fry_2016,10.1364/AO.55.007163,330,0.001070,0.000420,23 ± 0.5,pure_water,ICAM-II_scattering-independent_integrating_cavity,Table_2,primary_experimental_dataset,source_reported,absorption_only,Table values converted from ×10^-3 m^-1 to m^-1; no interpolation; does not provide scattering or total attenuation.
MASON-2016-022,Mason_Cone_Fry_2016,10.1364/AO.55.007163,332,0.001010,0.000370,23 ± 0.5,pure_water,ICAM-II_scattering-independent_integrating_cavity,Table_2,primary_experimental_dataset,source_reported,absorption_only,Table values converted from ×10^-3 m^-1 to m^-1; no interpolation; does not provide scattering or total attenuation.
MASON-2016-023,Mason_Cone_Fry_2016,10.1364/AO.55.007163,334,0.000990,0.000370,23 ± 0.5,pure_water,ICAM-II_scattering-independent_integrating_cavity,Table_2,primary_experimental_dataset,source_reported,absorption_only,Table values converted from ×10^-3 m^-1 to m^-1; no interpolation; does not provide scattering or total attenuation.
MASON-2016-024,Mason_Cone_Fry_2016,10.1364/AO.55.007163,336,0.000950,0.000310,23 ± 0.5,pure_water,ICAM-II_scattering-independent_integrating_cavity,Table_2,primary_experimental_dataset,source_reported,absorption_only,Table values converted from ×10^-3 m^-1 to m^-1; no interpolation; does not provide scattering or total attenuation.
MASON-2016-025,Mason_Cone_Fry_2016,10.1364/AO.55.007163,338,0.000910,0.000300,23 ± 0.5,pure_water,ICAM-II_scattering-independent_integrating_cavity,Table_2,primary_experimental_dataset,source_reported,absorption_only,Table values converted from ×10^-3 m^-1 to m^-1; no interpolation; does not provide scattering or total attenuation.
MASON-2016-026,Mason_Cone_Fry_2016,10.1364/AO.55.007163,340,0.000850,0.000260,23 ± 0.5,pure_water,ICAM-II_scattering-independent_integrating_cavity,Table_2,primary_experimental_dataset,source_reported,absorption_only,Table values converted from ×10^-3 m^-1 to m^-1; no interpolation; does not provide scattering or total attenuation.
MASON-2016-027,Mason_Cone_Fry_2016,10.1364/AO.55.007163,342,0.000820,0.000230,23 ± 0.5,pure_water,ICAM-II_scattering-independent_integrating_cavity,Table_2,primary_experimental_dataset,source_reported,absorption_only,Table values converted from ×10^-3 m^-1 to m^-1; no interpolation; does not provide scattering or total attenuation.
MASON-2016-028,Mason_Cone_Fry_2016,10.1364/AO.55.007163,344,0.000810,0.000230,23 ± 0.5,pure_water,ICAM-II_scattering-independent_integrating_cavity,Table_2,primary_experimental_dataset,source_reported,absorption_only,Table values converted from ×10^-3 m^-1 to m^-1; no interpolation; does not provide scattering or total attenuation.
MASON-2016-029,Mason_Cone_Fry_2016,10.1364/AO.55.007163,346,0.000820,0.000230,23 ± 0.5,pure_water,ICAM-II_scattering-independent_integrating_cavity,Table_2,primary_experimental_dataset,source_reported,absorption_only,Table values converted from ×10^-3 m^-1 to m^-1; no interpolation; does not provide scattering or total attenuation.
MASON-2016-030,Mason_Cone_Fry_2016,10.1364/AO.55.007163,348,0.000840,0.000290,23 ± 0.5,pure_water,ICAM-II_scattering-independent_integrating_cavity,Table_2,primary_experimental_dataset,source_reported,absorption_only,Table values converted from ×10^-3 m^-1 to m^-1; no interpolation; does not provide scattering or total attenuation.
MASON-2016-031,Mason_Cone_Fry_2016,10.1364/AO.55.007163,350,0.000890,0.000330,23 ± 0.5,pure_water,ICAM-II_scattering-independent_integrating_cavity,Table_2,primary_experimental_dataset,source_reported,absorption_only,Table values converted from ×10^-3 m^-1 to m^-1; no interpolation; does not provide scattering or total attenuation.
MASON-2016-032,Mason_Cone_Fry_2016,10.1364/AO.55.007163,352,0.000940,0.000360,23 ± 0.5,pure_water,ICAM-II_scattering-independent_integrating_cavity,Table_2,primary_experimental_dataset,source_reported,absorption_only,Table values converted from ×10^-3 m^-1 to m^-1; no interpolation; does not provide scattering or total attenuation.
MASON-2016-033,Mason_Cone_Fry_2016,10.1364/AO.55.007163,354,0.000970,0.000340,23 ± 0.5,pure_water,ICAM-II_scattering-independent_integrating_cavity,Table_2,primary_experimental_dataset,source_reported,absorption_only,Table values converted from ×10^-3 m^-1 to m^-1; no interpolation; does not provide scattering or total attenuation.
MASON-2016-034,Mason_Cone_Fry_2016,10.1364/AO.55.007163,356,0.000980,0.000320,23 ± 0.5,pure_water,ICAM-II_scattering-independent_integrating_cavity,Table_2,primary_experimental_dataset,source_reported,absorption_only,Table values converted from ×10^-3 m^-1 to m^-1; no interpolation; does not provide scattering or total attenuation.
MASON-2016-035,Mason_Cone_Fry_2016,10.1364/AO.55.007163,358,0.000990,0.000310,23 ± 0.5,pure_water,ICAM-II_scattering-independent_integrating_cavity,Table_2,primary_experimental_dataset,source_reported,absorption_only,Table values converted from ×10^-3 m^-1 to m^-1; no interpolation; does not provide scattering or total attenuation.
MASON-2016-036,Mason_Cone_Fry_2016,10.1364/AO.55.007163,360,0.001060,0.000330,23 ± 0.5,pure_water,ICAM-II_scattering-independent_integrating_cavity,Table_2,primary_experimental_dataset,source_reported,absorption_only,Table values converted from ×10^-3 m^-1 to m^-1; no interpolation; does not provide scattering or total attenuation.
MASON-2016-037,Mason_Cone_Fry_2016,10.1364/AO.55.007163,362,0.001150,0.000350,23 ± 0.5,pure_water,ICAM-II_scattering-independent_integrating_cavity,Table_2,primary_experimental_dataset,source_reported,absorption_only,Table values converted from ×10^-3 m^-1 to m^-1; no interpolation; does not provide scattering or total attenuation.
MASON-2016-038,Mason_Cone_Fry_2016,10.1364/AO.55.007163,364,0.001200,0.000350,23 ± 0.5,pure_water,ICAM-II_scattering-independent_integrating_cavity,Table_2,primary_experimental_dataset,source_reported,absorption_only,Table values converted from ×10^-3 m^-1 to m^-1; no interpolation; does not provide scattering or total attenuation.
MASON-2016-039,Mason_Cone_Fry_2016,10.1364/AO.55.007163,366,0.001210,0.000320,23 ± 0.5,pure_water,ICAM-II_scattering-independent_integrating_cavity,Table_2,primary_experimental_dataset,source_reported,absorption_only,Table values converted from ×10^-3 m^-1 to m^-1; no interpolation; does not provide scattering or total attenuation.
MASON-2016-040,Mason_Cone_Fry_2016,10.1364/AO.55.007163,368,0.001220,0.000320,23 ± 0.5,pure_water,ICAM-II_scattering-independent_integrating_cavity,Table_2,primary_experimental_dataset,source_reported,absorption_only,Table values converted from ×10^-3 m^-1 to m^-1; no interpolation; does not provide scattering or total attenuation.
MASON-2016-041,Mason_Cone_Fry_2016,10.1364/AO.55.007163,370,0.001240,0.000330,23 ± 0.5,pure_water,ICAM-II_scattering-independent_integrating_cavity,Table_2,primary_experimental_dataset,source_reported,absorption_only,Table values converted from ×10^-3 m^-1 to m^-1; no interpolation; does not provide scattering or total attenuation.
MASON-2016-042,Mason_Cone_Fry_2016,10.1364/AO.55.007163,372,0.001270,0.000340,23 ± 0.5,pure_water,ICAM-II_scattering-independent_integrating_cavity,Table_2,primary_experimental_dataset,source_reported,absorption_only,Table values converted from ×10^-3 m^-1 to m^-1; no interpolation; does not provide scattering or total attenuation.
MASON-2016-043,Mason_Cone_Fry_2016,10.1364/AO.55.007163,374,0.001290,0.000330,23 ± 0.5,pure_water,ICAM-II_scattering-independent_integrating_cavity,Table_2,primary_experimental_dataset,source_reported,absorption_only,Table values converted from ×10^-3 m^-1 to m^-1; no interpolation; does not provide scattering or total attenuation.
MASON-2016-044,Mason_Cone_Fry_2016,10.1364/AO.55.007163,376,0.001330,0.000310,23 ± 0.5,pure_water,ICAM-II_scattering-independent_integrating_cavity,Table_2,primary_experimental_dataset,source_reported,absorption_only,Table values converted from ×10^-3 m^-1 to m^-1; no interpolation; does not provide scattering or total attenuation.
MASON-2016-045,Mason_Cone_Fry_2016,10.1364/AO.55.007163,378,0.001370,0.000290,23 ± 0.5,pure_water,ICAM-II_scattering-independent_integrating_cavity,Table_2,primary_experimental_dataset,source_reported,absorption_only,Table values converted from ×10^-3 m^-1 to m^-1; no interpolation; does not provide scattering or total attenuation.
MASON-2016-046,Mason_Cone_Fry_2016,10.1364/AO.55.007163,380,0.001430,0.000290,23 ± 0.5,pure_water,ICAM-II_scattering-independent_integrating_cavity,Table_2,primary_experimental_dataset,source_reported,absorption_only,Table values converted from ×10^-3 m^-1 to m^-1; no interpolation; does not provide scattering or total attenuation.
MASON-2016-047,Mason_Cone_Fry_2016,10.1364/AO.55.007163,382,0.001470,0.000280,23 ± 0.5,pure_water,ICAM-II_scattering-independent_integrating_cavity,Table_2,primary_experimental_dataset,source_reported,absorption_only,Table values converted from ×10^-3 m^-1 to m^-1; no interpolation; does not provide scattering or total attenuation.
MASON-2016-048,Mason_Cone_Fry_2016,10.1364/AO.55.007163,384,0.001510,0.000290,23 ± 0.5,pure_water,ICAM-II_scattering-independent_integrating_cavity,Table_2,primary_experimental_dataset,source_reported,absorption_only,Table values converted from ×10^-3 m^-1 to m^-1; no interpolation; does not provide scattering or total attenuation.
MASON-2016-049,Mason_Cone_Fry_2016,10.1364/AO.55.007163,386,0.001550,0.000290,23 ± 0.5,pure_water,ICAM-II_scattering-independent_integrating_cavity,Table_2,primary_experimental_dataset,source_reported,absorption_only,Table values converted from ×10^-3 m^-1 to m^-1; no interpolation; does not provide scattering or total attenuation.
MASON-2016-050,Mason_Cone_Fry_2016,10.1364/AO.55.007163,388,0.001620,0.000310,23 ± 0.5,pure_water,ICAM-II_scattering-independent_integrating_cavity,Table_2,primary_experimental_dataset,source_reported,absorption_only,Table values converted from ×10^-3 m^-1 to m^-1; no interpolation; does not provide scattering or total attenuation.
MASON-2016-051,Mason_Cone_Fry_2016,10.1364/AO.55.007163,390,0.001700,0.000300,23 ± 0.5,pure_water,ICAM-II_scattering-independent_integrating_cavity,Table_2,primary_experimental_dataset,source_reported,absorption_only,Table values converted from ×10^-3 m^-1 to m^-1; no interpolation; does not provide scattering or total attenuation.
MASON-2016-052,Mason_Cone_Fry_2016,10.1364/AO.55.007163,392,0.001750,0.000290,23 ± 0.5,pure_water,ICAM-II_scattering-independent_integrating_cavity,Table_2,primary_experimental_dataset,source_reported,absorption_only,Table values converted from ×10^-3 m^-1 to m^-1; no interpolation; does not provide scattering or total attenuation.
MASON-2016-053,Mason_Cone_Fry_2016,10.1364/AO.55.007163,394,0.001850,0.000280,23 ± 0.5,pure_water,ICAM-II_scattering-independent_integrating_cavity,Table_2,primary_experimental_dataset,source_reported,absorption_only,Table values converted from ×10^-3 m^-1 to m^-1; no interpolation; does not provide scattering or total attenuation.
MASON-2016-054,Mason_Cone_Fry_2016,10.1364/AO.55.007163,396,0.001960,0.000280,23 ± 0.5,pure_water,ICAM-II_scattering-independent_integrating_cavity,Table_2,primary_experimental_dataset,source_reported,absorption_only,Table values converted from ×10^-3 m^-1 to m^-1; no interpolation; does not provide scattering or total attenuation.
MASON-2016-055,Mason_Cone_Fry_2016,10.1364/AO.55.007163,398,0.002080,0.000280,23 ± 0.5,pure_water,ICAM-II_scattering-independent_integrating_cavity,Table_2,primary_experimental_dataset,source_reported,absorption_only,Table values converted from ×10^-3 m^-1 to m^-1; no interpolation; does not provide scattering or total attenuation.
MASON-2016-056,Mason_Cone_Fry_2016,10.1364/AO.55.007163,400,0.002220,0.000270,23 ± 0.5,pure_water,ICAM-II_scattering-independent_integrating_cavity,Table_2,primary_experimental_dataset,source_reported,absorption_only,Table values converted from ×10^-3 m^-1 to m^-1; no interpolation; does not provide scattering or total attenuation.
MASON-2016-057,Mason_Cone_Fry_2016,10.1364/AO.55.007163,402,0.002370,0.000270,23 ± 0.5,pure_water,ICAM-II_scattering-independent_integrating_cavity,Table_2,primary_experimental_dataset,source_reported,absorption_only,Table values converted from ×10^-3 m^-1 to m^-1; no interpolation; does not provide scattering or total attenuation.
MASON-2016-058,Mason_Cone_Fry_2016,10.1364/AO.55.007163,404,0.002480,0.000280,23 ± 0.5,pure_water,ICAM-II_scattering-independent_integrating_cavity,Table_2,primary_experimental_dataset,source_reported,absorption_only,Table values converted from ×10^-3 m^-1 to m^-1; no interpolation; does not provide scattering or total attenuation.
MASON-2016-059,Mason_Cone_Fry_2016,10.1364/AO.55.007163,406,0.002570,0.000290,23 ± 0.5,pure_water,ICAM-II_scattering-independent_integrating_cavity,Table_2,primary_experimental_dataset,source_reported,absorption_only,Table values converted from ×10^-3 m^-1 to m^-1; no interpolation; does not provide scattering or total attenuation.
MASON-2016-060,Mason_Cone_Fry_2016,10.1364/AO.55.007163,408,0.002590,0.000310,23 ± 0.5,pure_water,ICAM-II_scattering-independent_integrating_cavity,Table_2,primary_experimental_dataset,source_reported,absorption_only,Table values converted from ×10^-3 m^-1 to m^-1; no interpolation; does not provide scattering or total attenuation.
MASON-2016-061,Mason_Cone_Fry_2016,10.1364/AO.55.007163,410,0.002660,0.000320,23 ± 0.5,pure_water,ICAM-II_scattering-independent_integrating_cavity,Table_2,primary_experimental_dataset,source_reported,absorption_only,Table values converted from ×10^-3 m^-1 to m^-1; no interpolation; does not provide scattering or total attenuation.
MASON-2016-062,Mason_Cone_Fry_2016,10.1364/AO.55.007163,412,0.002710,0.000290,23 ± 0.5,pure_water,ICAM-II_scattering-independent_integrating_cavity,Table_2,primary_experimental_dataset,source_reported,absorption_only,Table values converted from ×10^-3 m^-1 to m^-1; no interpolation; does not provide scattering or total attenuation.
MASON-2016-063,Mason_Cone_Fry_2016,10.1364/AO.55.007163,414,0.002800,0.000290,23 ± 0.5,pure_water,ICAM-II_scattering-independent_integrating_cavity,Table_2,primary_experimental_dataset,source_reported,absorption_only,Table values converted from ×10^-3 m^-1 to m^-1; no interpolation; does not provide scattering or total attenuation.
MASON-2016-064,Mason_Cone_Fry_2016,10.1364/AO.55.007163,416,0.002880,0.000300,23 ± 0.5,pure_water,ICAM-II_scattering-independent_integrating_cavity,Table_2,primary_experimental_dataset,source_reported,absorption_only,Table values converted from ×10^-3 m^-1 to m^-1; no interpolation; does not provide scattering or total attenuation.
MASON-2016-065,Mason_Cone_Fry_2016,10.1364/AO.55.007163,418,0.003000,0.000310,23 ± 0.5,pure_water,ICAM-II_scattering-independent_integrating_cavity,Table_2,primary_experimental_dataset,source_reported,absorption_only,Table values converted from ×10^-3 m^-1 to m^-1; no interpolation; does not provide scattering or total attenuation.
MASON-2016-066,Mason_Cone_Fry_2016,10.1364/AO.55.007163,420,0.003120,0.000300,23 ± 0.5,pure_water,ICAM-II_scattering-independent_integrating_cavity,Table_2,primary_experimental_dataset,source_reported,absorption_only,Table values converted from ×10^-3 m^-1 to m^-1; no interpolation; does not provide scattering or total attenuation.
MASON-2016-067,Mason_Cone_Fry_2016,10.1364/AO.55.007163,422,0.003220,0.000290,23 ± 0.5,pure_water,ICAM-II_scattering-independent_integrating_cavity,Table_2,primary_experimental_dataset,source_reported,absorption_only,Table values converted from ×10^-3 m^-1 to m^-1; no interpolation; does not provide scattering or total attenuation.
MASON-2016-068,Mason_Cone_Fry_2016,10.1364/AO.55.007163,424,0.003310,0.000290,23 ± 0.5,pure_water,ICAM-II_scattering-independent_integrating_cavity,Table_2,primary_experimental_dataset,source_reported,absorption_only,Table values converted from ×10^-3 m^-1 to m^-1; no interpolation; does not provide scattering or total attenuation.
MASON-2016-069,Mason_Cone_Fry_2016,10.1364/AO.55.007163,426,0.003440,0.000300,23 ± 0.5,pure_water,ICAM-II_scattering-independent_integrating_cavity,Table_2,primary_experimental_dataset,source_reported,absorption_only,Table values converted from ×10^-3 m^-1 to m^-1; no interpolation; does not provide scattering or total attenuation.
MASON-2016-070,Mason_Cone_Fry_2016,10.1364/AO.55.007163,428,0.003580,0.000310,23 ± 0.5,pure_water,ICAM-II_scattering-independent_integrating_cavity,Table_2,primary_experimental_dataset,source_reported,absorption_only,Table values converted from ×10^-3 m^-1 to m^-1; no interpolation; does not provide scattering or total attenuation.
MASON-2016-071,Mason_Cone_Fry_2016,10.1364/AO.55.007163,430,0.003760,0.000310,23 ± 0.5,pure_water,ICAM-II_scattering-independent_integrating_cavity,Table_2,primary_experimental_dataset,source_reported,absorption_only,Table values converted from ×10^-3 m^-1 to m^-1; no interpolation; does not provide scattering or total attenuation.
MASON-2016-072,Mason_Cone_Fry_2016,10.1364/AO.55.007163,432,0.003950,0.000340,23 ± 0.5,pure_water,ICAM-II_scattering-independent_integrating_cavity,Table_2,primary_experimental_dataset,source_reported,absorption_only,Table values converted from ×10^-3 m^-1 to m^-1; no interpolation; does not provide scattering or total attenuation.
MASON-2016-073,Mason_Cone_Fry_2016,10.1364/AO.55.007163,434,0.004170,0.000360,23 ± 0.5,pure_water,ICAM-II_scattering-independent_integrating_cavity,Table_2,primary_experimental_dataset,source_reported,absorption_only,Table values converted from ×10^-3 m^-1 to m^-1; no interpolation; does not provide scattering or total attenuation.
MASON-2016-074,Mason_Cone_Fry_2016,10.1364/AO.55.007163,436,0.004420,0.000380,23 ± 0.5,pure_water,ICAM-II_scattering-independent_integrating_cavity,Table_2,primary_experimental_dataset,source_reported,absorption_only,Table values converted from ×10^-3 m^-1 to m^-1; no interpolation; does not provide scattering or total attenuation.
MASON-2016-075,Mason_Cone_Fry_2016,10.1364/AO.55.007163,438,0.004800,0.000360,23 ± 0.5,pure_water,ICAM-II_scattering-independent_integrating_cavity,Table_2,primary_experimental_dataset,source_reported,absorption_only,Table values converted from ×10^-3 m^-1 to m^-1; no interpolation; does not provide scattering or total attenuation.
MASON-2016-076,Mason_Cone_Fry_2016,10.1364/AO.55.007163,440,0.005220,0.000380,23 ± 0.5,pure_water,ICAM-II_scattering-independent_integrating_cavity,Table_2,primary_experimental_dataset,source_reported,absorption_only,Table values converted from ×10^-3 m^-1 to m^-1; no interpolation; does not provide scattering or total attenuation.
MASON-2016-077,Mason_Cone_Fry_2016,10.1364/AO.55.007163,442,0.005740,0.000400,23 ± 0.5,pure_water,ICAM-II_scattering-independent_integrating_cavity,Table_2,primary_experimental_dataset,source_reported,absorption_only,Table values converted from ×10^-3 m^-1 to m^-1; no interpolation; does not provide scattering or total attenuation.
MASON-2016-078,Mason_Cone_Fry_2016,10.1364/AO.55.007163,444,0.006260,0.000500,23 ± 0.5,pure_water,ICAM-II_scattering-independent_integrating_cavity,Table_2,primary_experimental_dataset,source_reported,absorption_only,Table values converted from ×10^-3 m^-1 to m^-1; no interpolation; does not provide scattering or total attenuation.
MASON-2016-079,Mason_Cone_Fry_2016,10.1364/AO.55.007163,446,0.006910,0.000570,23 ± 0.5,pure_water,ICAM-II_scattering-independent_integrating_cavity,Table_2,primary_experimental_dataset,source_reported,absorption_only,Table values converted from ×10^-3 m^-1 to m^-1; no interpolation; does not provide scattering or total attenuation.
MASON-2016-080,Mason_Cone_Fry_2016,10.1364/AO.55.007163,448,0.007510,0.000550,23 ± 0.5,pure_water,ICAM-II_scattering-independent_integrating_cavity,Table_2,primary_experimental_dataset,source_reported,absorption_only,Table values converted from ×10^-3 m^-1 to m^-1; no interpolation; does not provide scattering or total attenuation.
MASON-2016-081,Mason_Cone_Fry_2016,10.1364/AO.55.007163,450,0.008080,0.000520,23 ± 0.5,pure_water,ICAM-II_scattering-independent_integrating_cavity,Table_2,primary_experimental_dataset,source_reported,absorption_only,Table values converted from ×10^-3 m^-1 to m^-1; no interpolation; does not provide scattering or total attenuation.
MASON-2016-082,Mason_Cone_Fry_2016,10.1364/AO.55.007163,452,0.008420,0.000440,23 ± 0.5,pure_water,ICAM-II_scattering-independent_integrating_cavity,Table_2,primary_experimental_dataset,source_reported,absorption_only,Table values converted from ×10^-3 m^-1 to m^-1; no interpolation; does not provide scattering or total attenuation.
MASON-2016-083,Mason_Cone_Fry_2016,10.1364/AO.55.007163,454,0.008630,0.000480,23 ± 0.5,pure_water,ICAM-II_scattering-independent_integrating_cavity,Table_2,primary_experimental_dataset,source_reported,absorption_only,Table values converted from ×10^-3 m^-1 to m^-1; no interpolation; does not provide scattering or total attenuation.
MASON-2016-084,Mason_Cone_Fry_2016,10.1364/AO.55.007163,456,0.008770,0.000450,23 ± 0.5,pure_water,ICAM-II_scattering-independent_integrating_cavity,Table_2,primary_experimental_dataset,source_reported,absorption_only,Table values converted from ×10^-3 m^-1 to m^-1; no interpolation; does not provide scattering or total attenuation.
MASON-2016-085,Mason_Cone_Fry_2016,10.1364/AO.55.007163,458,0.008930,0.000560,23 ± 0.5,pure_water,ICAM-II_scattering-independent_integrating_cavity,Table_2,primary_experimental_dataset,source_reported,absorption_only,Table values converted from ×10^-3 m^-1 to m^-1; no interpolation; does not provide scattering or total attenuation.
MASON-2016-086,Mason_Cone_Fry_2016,10.1364/AO.55.007163,460,0.009090,0.000520,23 ± 0.5,pure_water,ICAM-II_scattering-independent_integrating_cavity,Table_2,primary_experimental_dataset,source_reported,absorption_only,Table values converted from ×10^-3 m^-1 to m^-1; no interpolation; does not provide scattering or total attenuation.
MASON-2016-087,Mason_Cone_Fry_2016,10.1364/AO.55.007163,462,0.009330,0.000570,23 ± 0.5,pure_water,ICAM-II_scattering-independent_integrating_cavity,Table_2,primary_experimental_dataset,source_reported,absorption_only,Table values converted from ×10^-3 m^-1 to m^-1; no interpolation; does not provide scattering or total attenuation.
MASON-2016-088,Mason_Cone_Fry_2016,10.1364/AO.55.007163,464,0.009550,0.000510,23 ± 0.5,pure_water,ICAM-II_scattering-independent_integrating_cavity,Table_2,primary_experimental_dataset,source_reported,absorption_only,Table values converted from ×10^-3 m^-1 to m^-1; no interpolation; does not provide scattering or total attenuation.
MASON-2016-089,Mason_Cone_Fry_2016,10.1364/AO.55.007163,466,0.009790,0.000510,23 ± 0.5,pure_water,ICAM-II_scattering-independent_integrating_cavity,Table_2,primary_experimental_dataset,source_reported,absorption_only,Table values converted from ×10^-3 m^-1 to m^-1; no interpolation; does not provide scattering or total attenuation.
MASON-2016-090,Mason_Cone_Fry_2016,10.1364/AO.55.007163,468,0.009990,0.000460,23 ± 0.5,pure_water,ICAM-II_scattering-independent_integrating_cavity,Table_2,primary_experimental_dataset,source_reported,absorption_only,Table values converted from ×10^-3 m^-1 to m^-1; no interpolation; does not provide scattering or total attenuation.
MASON-2016-091,Mason_Cone_Fry_2016,10.1364/AO.55.007163,470,0.010300,0.000420,23 ± 0.5,pure_water,ICAM-II_scattering-independent_integrating_cavity,Table_2,primary_experimental_dataset,source_reported,absorption_only,Table values converted from ×10^-3 m^-1 to m^-1; no interpolation; does not provide scattering or total attenuation.
MASON-2016-092,Mason_Cone_Fry_2016,10.1364/AO.55.007163,472,0.010650,0.000450,23 ± 0.5,pure_water,ICAM-II_scattering-independent_integrating_cavity,Table_2,primary_experimental_dataset,source_reported,absorption_only,Table values converted from ×10^-3 m^-1 to m^-1; no interpolation; does not provide scattering or total attenuation.
MASON-2016-093,Mason_Cone_Fry_2016,10.1364/AO.55.007163,474,0.011000,0.000420,23 ± 0.5,pure_water,ICAM-II_scattering-independent_integrating_cavity,Table_2,primary_experimental_dataset,source_reported,absorption_only,Table values converted from ×10^-3 m^-1 to m^-1; no interpolation; does not provide scattering or total attenuation.
MASON-2016-094,Mason_Cone_Fry_2016,10.1364/AO.55.007163,476,0.011380,0.000440,23 ± 0.5,pure_water,ICAM-II_scattering-independent_integrating_cavity,Table_2,primary_experimental_dataset,source_reported,absorption_only,Table values converted from ×10^-3 m^-1 to m^-1; no interpolation; does not provide scattering or total attenuation.
MASON-2016-095,Mason_Cone_Fry_2016,10.1364/AO.55.007163,478,0.011770,0.000460,23 ± 0.5,pure_water,ICAM-II_scattering-independent_integrating_cavity,Table_2,primary_experimental_dataset,source_reported,absorption_only,Table values converted from ×10^-3 m^-1 to m^-1; no interpolation; does not provide scattering or total attenuation.
MASON-2016-096,Mason_Cone_Fry_2016,10.1364/AO.55.007163,480,0.012140,0.000520,23 ± 0.5,pure_water,ICAM-II_scattering-independent_integrating_cavity,Table_2,primary_experimental_dataset,source_reported,absorption_only,Table values converted from ×10^-3 m^-1 to m^-1; no interpolation; does not provide scattering or total attenuation.
MASON-2016-097,Mason_Cone_Fry_2016,10.1364/AO.55.007163,482,0.012540,0.000600,23 ± 0.5,pure_water,ICAM-II_scattering-independent_integrating_cavity,Table_2,primary_experimental_dataset,source_reported,absorption_only,Table values converted from ×10^-3 m^-1 to m^-1; no interpolation; does not provide scattering or total attenuation.
MASON-2016-098,Mason_Cone_Fry_2016,10.1364/AO.55.007163,484,0.012940,0.000550,23 ± 0.5,pure_water,ICAM-II_scattering-independent_integrating_cavity,Table_2,primary_experimental_dataset,source_reported,absorption_only,Table values converted from ×10^-3 m^-1 to m^-1; no interpolation; does not provide scattering or total attenuation.
MASON-2016-099,Mason_Cone_Fry_2016,10.1364/AO.55.007163,486,0.013360,0.000530,23 ± 0.5,pure_water,ICAM-II_scattering-independent_integrating_cavity,Table_2,primary_experimental_dataset,source_reported,absorption_only,Table values converted from ×10^-3 m^-1 to m^-1; no interpolation; does not provide scattering or total attenuation.
MASON-2016-100,Mason_Cone_Fry_2016,10.1364/AO.55.007163,488,0.013910,0.000490,23 ± 0.5,pure_water,ICAM-II_scattering-independent_integrating_cavity,Table_2,primary_experimental_dataset,source_reported,absorption_only,Table values converted from ×10^-3 m^-1 to m^-1; no interpolation; does not provide scattering or total attenuation.
MASON-2016-101,Mason_Cone_Fry_2016,10.1364/AO.55.007163,490,0.014600,0.000540,23 ± 0.5,pure_water,ICAM-II_scattering-independent_integrating_cavity,Table_2,primary_experimental_dataset,source_reported,absorption_only,Table values converted from ×10^-3 m^-1 to m^-1; no interpolation; does not provide scattering or total attenuation.
MASON-2016-102,Mason_Cone_Fry_2016,10.1364/AO.55.007163,492,0.015450,0.000550,23 ± 0.5,pure_water,ICAM-II_scattering-independent_integrating_cavity,Table_2,primary_experimental_dataset,source_reported,absorption_only,Table values converted from ×10^-3 m^-1 to m^-1; no interpolation; does not provide scattering or total attenuation.
MASON-2016-103,Mason_Cone_Fry_2016,10.1364/AO.55.007163,494,0.016480,0.000540,23 ± 0.5,pure_water,ICAM-II_scattering-independent_integrating_cavity,Table_2,primary_experimental_dataset,source_reported,absorption_only,Table values converted from ×10^-3 m^-1 to m^-1; no interpolation; does not provide scattering or total attenuation.
MASON-2016-104,Mason_Cone_Fry_2016,10.1364/AO.55.007163,496,0.017740,0.000580,23 ± 0.5,pure_water,ICAM-II_scattering-independent_integrating_cavity,Table_2,primary_experimental_dataset,source_reported,absorption_only,Table values converted from ×10^-3 m^-1 to m^-1; no interpolation; does not provide scattering or total attenuation.
MASON-2016-105,Mason_Cone_Fry_2016,10.1364/AO.55.007163,498,0.019260,0.000680,23 ± 0.5,pure_water,ICAM-II_scattering-independent_integrating_cavity,Table_2,primary_experimental_dataset,source_reported,absorption_only,Table values converted from ×10^-3 m^-1 to m^-1; no interpolation; does not provide scattering or total attenuation.
MASON-2016-106,Mason_Cone_Fry_2016,10.1364/AO.55.007163,500,0.020730,0.000740,23 ± 0.5,pure_water,ICAM-II_scattering-independent_integrating_cavity,Table_2,primary_experimental_dataset,source_reported,absorption_only,Table values converted from ×10^-3 m^-1 to m^-1; no interpolation; does not provide scattering or total attenuation.
MASON-2016-107,Mason_Cone_Fry_2016,10.1364/AO.55.007163,502,0.022420,0.000850,23 ± 0.5,pure_water,ICAM-II_scattering-independent_integrating_cavity,Table_2,primary_experimental_dataset,source_reported,absorption_only,Table values converted from ×10^-3 m^-1 to m^-1; no interpolation; does not provide scattering or total attenuation.
MASON-2016-108,Mason_Cone_Fry_2016,10.1364/AO.55.007163,504,0.024240,0.000840,23 ± 0.5,pure_water,ICAM-II_scattering-independent_integrating_cavity,Table_2,primary_experimental_dataset,source_reported,absorption_only,Table values converted from ×10^-3 m^-1 to m^-1; no interpolation; does not provide scattering or total attenuation.
MASON-2016-109,Mason_Cone_Fry_2016,10.1364/AO.55.007163,506,0.026680,0.000960,23 ± 0.5,pure_water,ICAM-II_scattering-independent_integrating_cavity,Table_2,primary_experimental_dataset,source_reported,absorption_only,Table values converted from ×10^-3 m^-1 to m^-1; no interpolation; does not provide scattering or total attenuation.
MASON-2016-110,Mason_Cone_Fry_2016,10.1364/AO.55.007163,508,0.029710,0.001060,23 ± 0.5,pure_water,ICAM-II_scattering-independent_integrating_cavity,Table_2,primary_experimental_dataset,source_reported,absorption_only,Table values converted from ×10^-3 m^-1 to m^-1; no interpolation; does not provide scattering or total attenuation.
MASON-2016-111,Mason_Cone_Fry_2016,10.1364/AO.55.007163,510,0.033000,0.001220,23 ± 0.5,pure_water,ICAM-II_scattering-independent_integrating_cavity,Table_2,primary_experimental_dataset,source_reported,absorption_only,Table values converted from ×10^-3 m^-1 to m^-1; no interpolation; does not provide scattering or total attenuation.
MASON-2016-112,Mason_Cone_Fry_2016,10.1364/AO.55.007163,512,0.035690,0.001230,23 ± 0.5,pure_water,ICAM-II_scattering-independent_integrating_cavity,Table_2,primary_experimental_dataset,source_reported,absorption_only,Table values converted from ×10^-3 m^-1 to m^-1; no interpolation; does not provide scattering or total attenuation.
MASON-2016-113,Mason_Cone_Fry_2016,10.1364/AO.55.007163,514,0.037380,0.001230,23 ± 0.5,pure_water,ICAM-II_scattering-independent_integrating_cavity,Table_2,primary_experimental_dataset,source_reported,absorption_only,Table values converted from ×10^-3 m^-1 to m^-1; no interpolation; does not provide scattering or total attenuation.
MASON-2016-114,Mason_Cone_Fry_2016,10.1364/AO.55.007163,516,0.038210,0.001310,23 ± 0.5,pure_water,ICAM-II_scattering-independent_integrating_cavity,Table_2,primary_experimental_dataset,source_reported,absorption_only,Table values converted from ×10^-3 m^-1 to m^-1; no interpolation; does not provide scattering or total attenuation.
MASON-2016-115,Mason_Cone_Fry_2016,10.1364/AO.55.007163,518,0.038780,0.001290,23 ± 0.5,pure_water,ICAM-II_scattering-independent_integrating_cavity,Table_2,primary_experimental_dataset,source_reported,absorption_only,Table values converted from ×10^-3 m^-1 to m^-1; no interpolation; does not provide scattering or total attenuation.
MASON-2016-116,Mason_Cone_Fry_2016,10.1364/AO.55.007163,520,0.039170,0.001290,23 ± 0.5,pure_water,ICAM-II_scattering-independent_integrating_cavity,Table_2,primary_experimental_dataset,source_reported,absorption_only,Table values converted from ×10^-3 m^-1 to m^-1; no interpolation; does not provide scattering or total attenuation.
MASON-2016-117,Mason_Cone_Fry_2016,10.1364/AO.55.007163,522,0.039620,0.001170,23 ± 0.5,pure_water,ICAM-II_scattering-independent_integrating_cavity,Table_2,primary_experimental_dataset,source_reported,absorption_only,Table values converted from ×10^-3 m^-1 to m^-1; no interpolation; does not provide scattering or total attenuation.
MASON-2016-118,Mason_Cone_Fry_2016,10.1364/AO.55.007163,524,0.040170,0.001220,23 ± 0.5,pure_water,ICAM-II_scattering-independent_integrating_cavity,Table_2,primary_experimental_dataset,source_reported,absorption_only,Table values converted from ×10^-3 m^-1 to m^-1; no interpolation; does not provide scattering or total attenuation.
MASON-2016-119,Mason_Cone_Fry_2016,10.1364/AO.55.007163,526,0.040880,0.001180,23 ± 0.5,pure_water,ICAM-II_scattering-independent_integrating_cavity,Table_2,primary_experimental_dataset,source_reported,absorption_only,Table values converted from ×10^-3 m^-1 to m^-1; no interpolation; does not provide scattering or total attenuation.
MASON-2016-120,Mason_Cone_Fry_2016,10.1364/AO.55.007163,528,0.041620,0.001200,23 ± 0.5,pure_water,ICAM-II_scattering-independent_integrating_cavity,Table_2,primary_experimental_dataset,source_reported,absorption_only,Table values converted from ×10^-3 m^-1 to m^-1; no interpolation; does not provide scattering or total attenuation.
MASON-2016-121,Mason_Cone_Fry_2016,10.1364/AO.55.007163,530,0.042420,0.001170,23 ± 0.5,pure_water,ICAM-II_scattering-independent_integrating_cavity,Table_2,primary_experimental_dataset,source_reported,absorption_only,Table values converted from ×10^-3 m^-1 to m^-1; no interpolation; does not provide scattering or total attenuation.
MASON-2016-122,Mason_Cone_Fry_2016,10.1364/AO.55.007163,532,0.043300,0.001250,23 ± 0.5,pure_water,ICAM-II_scattering-independent_integrating_cavity,Table_2,primary_experimental_dataset,source_reported,absorption_only,Table values converted from ×10^-3 m^-1 to m^-1; no interpolation; does not provide scattering or total attenuation.
MASON-2016-123,Mason_Cone_Fry_2016,10.1364/AO.55.007163,534,0.044360,0.001290,23 ± 0.5,pure_water,ICAM-II_scattering-independent_integrating_cavity,Table_2,primary_experimental_dataset,source_reported,absorption_only,Table values converted from ×10^-3 m^-1 to m^-1; no interpolation; does not provide scattering or total attenuation.
MASON-2016-124,Mason_Cone_Fry_2016,10.1364/AO.55.007163,536,0.045410,0.001400,23 ± 0.5,pure_water,ICAM-II_scattering-independent_integrating_cavity,Table_2,primary_experimental_dataset,source_reported,absorption_only,Table values converted from ×10^-3 m^-1 to m^-1; no interpolation; does not provide scattering or total attenuation.
MASON-2016-125,Mason_Cone_Fry_2016,10.1364/AO.55.007163,538,0.046450,0.001360,23 ± 0.5,pure_water,ICAM-II_scattering-independent_integrating_cavity,Table_2,primary_experimental_dataset,source_reported,absorption_only,Table values converted from ×10^-3 m^-1 to m^-1; no interpolation; does not provide scattering or total attenuation.
MASON-2016-126,Mason_Cone_Fry_2016,10.1364/AO.55.007163,540,0.047540,0.001420,23 ± 0.5,pure_water,ICAM-II_scattering-independent_integrating_cavity,Table_2,primary_experimental_dataset,source_reported,absorption_only,Table values converted from ×10^-3 m^-1 to m^-1; no interpolation; does not provide scattering or total attenuation.
MASON-2016-127,Mason_Cone_Fry_2016,10.1364/AO.55.007163,542,0.048820,0.001410,23 ± 0.5,pure_water,ICAM-II_scattering-independent_integrating_cavity,Table_2,primary_experimental_dataset,source_reported,absorption_only,Table values converted from ×10^-3 m^-1 to m^-1; no interpolation; does not provide scattering or total attenuation.
MASON-2016-128,Mason_Cone_Fry_2016,10.1364/AO.55.007163,544,0.050400,0.001500,23 ± 0.5,pure_water,ICAM-II_scattering-independent_integrating_cavity,Table_2,primary_experimental_dataset,source_reported,absorption_only,Table values converted from ×10^-3 m^-1 to m^-1; no interpolation; does not provide scattering or total attenuation.
MASON-2016-129,Mason_Cone_Fry_2016,10.1364/AO.55.007163,546,0.052240,0.001500,23 ± 0.5,pure_water,ICAM-II_scattering-independent_integrating_cavity,Table_2,primary_experimental_dataset,source_reported,absorption_only,Table values converted from ×10^-3 m^-1 to m^-1; no interpolation; does not provide scattering or total attenuation.
MASON-2016-130,Mason_Cone_Fry_2016,10.1364/AO.55.007163,548,0.054250,0.001630,23 ± 0.5,pure_water,ICAM-II_scattering-independent_integrating_cavity,Table_2,primary_experimental_dataset,source_reported,absorption_only,Table values converted from ×10^-3 m^-1 to m^-1; no interpolation; does not provide scattering or total attenuation.
MASON-2016-131,Mason_Cone_Fry_2016,10.1364/AO.55.007163,550,0.056290,0.001840,23 ± 0.5,pure_water,ICAM-II_scattering-independent_integrating_cavity,Table_2,primary_experimental_dataset,source_reported,absorption_only,Table values converted from ×10^-3 m^-1 to m^-1; no interpolation; does not provide scattering or total attenuation.
